city,neighborhood,median_ppsqm,count,mean_ppsqm,ltype
ابها,الاندلس,1799.4897172236504,9,2702.168932644423,sale
ابها,البحيره,1400.0,12,2704.9499685447695,sale
ابها,البديع,2892.561983471074,124,26410.38506734301,sale
ابها,التعاون,1000.0,26,7015.595595263807,sale
ابها,الروابي,2666.6666666666665,252,21289.577516281413,sale
ابها,الروضة,2643.171806167401,51,17274.441654702045,sale
ابها,الزهور,2756.4289888953826,202,29531.92047414084,sale
ابها,السلام,1434.2857142857142,14,1420.8848270491314,sale
ابها,الشفاء,31837.91606367583,7,59816.10840442449,sale
ابها,الصفا,2912.621359223301,89,32234.84103397134,sale
ابها,العرين,4000.0,71,8198.782308358348,sale
ابها,العقيق,2282.8185328185327,36,9545.731899404236,sale
ابها,القرى,1878.1725888324872,11,12624.648650146615,sale
ابها,المروج,3005.454467057606,82,14805.80851783206,sale
ابها,المسك,2955.6650246305417,13,11647.939682056674,sale
ابها,المصيف,1142.857142857143,11,30154.988983308707,sale
ابها,المطار,2574.8502994011974,20,17923.848595076783,sale
ابها,المنهل,2789.6995708154504,7,3661.6698201522127,sale
ابها,النزهة,3339.0581717451523,4,3908.5460835622107,sale
ابها,النسيم,2625.0,19,14037.708899832061,sale
ابها,الوصايف,2282.1576763485477,13,20895.19180630293,sale
ابها,ذرة,3382.663847780127,7,18300.828064700923,sale
ابها,سلطانة,1090.6863753213368,77,16941.368777529686,sale
ابها,شمسان,3225.8064516129034,59,18553.701776394046,sale
ابو عريش,الروضة,2766.2023545867814,78,37204.01719560645,sale
ابو عريش,الصفا,3087.1516124325112,54,35199.122752257324,sale
احد رفيده,الخليج,2642.537919826652,134,32213.846821445833,sale
احد رفيده,النهضة,2920.792079207921,145,34284.558973051084,sale
الارطاوية,سلطانة,2402.745995423341,3,2200.91533180778,sale
الباحة,الشروق,705.5627370916754,6,680.3249586066664,sale
الباحة,النزهة,3940.4553415061296,9,4316.118207036361,sale
البدائع,الاصفر,590.9090909090909,5,947.8155622823658,sale
البدائع,الاندلس,1419.3548387096773,17,9360.231903820384,sale
البدائع,السلام,893.4782608695652,10,1498.0626938913092,sale
البدائع,رامات,1417.9054054054054,18,12676.786717597928,sale
البكيرية,الامل,1024.4654335563428,16,1043.181429141426,sale
البكيرية,الخليج,1342.288597053171,10,1429.082691431182,sale
البكيرية,الديرة,1996.01593625498,14,9675.478798962591,sale
البكيرية,الربوة,1378.0871947044054,18,1362.1661048782046,sale
البكيرية,الرياض,1142.857142857143,13,1259.6018000679333,sale
البكيرية,الريان,1553.019828159188,22,1625.3011366682806,sale
البكيرية,الزهرة,878.5388127853881,22,1261.5112308714251,sale
البكيرية,القادسية,1428.5714285714287,21,6754.818632542727,sale
البكيرية,النهضة,1432.748538011696,5,1359.081920759833,sale
الجبيل,البحر,2187.5,18,2258.233351634511,sale
الجبيل,البستان,2300.1280338454685,3,2300.085355896979,sale
الجبيل,الحمراء,2977.667493796526,29,22639.724402547203,sale
الجبيل,الدانة,3792.6675094816687,3,4170.449474420689,sale
الجبيل,الروضة,2631.5789473684213,13,10850.76113093472,sale
الجبيل,الضباب,3775.5102040816328,6,3929.3862705559427,sale
الجبيل,العزيزية,2483.1310350176445,168,7053.621057570523,sale
الجبيل,الفيحاء,3088.1017257039057,21,3397.3691134151914,sale
الجبيل,القدس,3786.3377357123886,24,3614.4151923096983,sale
الجبيل,المرقاب,6925.207756232687,5,7673.069421673313,sale
الجبيل,المطرفية,4347.826086956522,13,4348.437076336664,sale
الجبيل,جلمودة,4200.501253132832,48,4318.065059526177,sale
الجبيل,دارين,3984.06374501992,15,3932.9244848958483,sale
الجبيل,طيبة,3025.252525252525,8,2983.381356162753,sale
الجبيل,غرناطة,2275.862068965517,25,12756.036467320058,sale
الجبيل,قرطبة,2380.5522208883554,58,5643.4197672867485,sale
الجموم,النخيل,3273.542600896861,15,20155.348588927907,sale
الخبر,ابن سيناء,5762.331838565023,6,47490.06383698355,sale
الخبر,الاسكان,2112.676056338028,4,3507.5839653304442,sale
الخبر,الامواج,3351.3027852650494,252,17540.64968928118,sale
الخبر,الاندلس,4231.522154316272,38,4558.085664301982,sale
الخبر,البحر,4768.211920529801,238,4677.649586238926,sale
الخبر,البحيرة,4166.666666666667,128,4890.6214564383,sale
الخبر,البندرية,5560.743285446596,28,5531.343080833099,sale
الخبر,التحلية,3359.683794466403,87,12155.106847605839,sale
الخبر,التعاون,3706.618962432916,22,9923.569434602106,sale
الخبر,الثقبة,7142.756016989146,40,8288.613842648127,sale
الخبر,الجسر,3487.7643145640295,46,6251.263503899656,sale
الخبر,الجوهرة,3307.6923076923076,8,3475.5575241313495,sale
الخبر,الحزام الاخضر,4672.897196261682,7,5926.43561845372,sale
الخبر,الحزام الذهبي,7975.530932594645,12,7375.293829278835,sale
الخبر,الحمراء,3724.8322147651006,364,6989.727298307844,sale
الخبر,الخبر الجنوبية,7327.277017461067,34,8843.12769670124,sale
الخبر,الخزامى,4090.909090909091,77,14104.30652771646,sale
الخبر,الخور,5167.496055346523,24,15240.211198326428,sale
الخبر,الراكة الجنوبية,4098.540145985402,52,4638.13933932699,sale
الخبر,الرجاء,1100.265903307888,32,1349.3588985228278,sale
الخبر,الروابي,4712.041884816754,25,4992.458151453319,sale
الخبر,الشراع,3775.7437070938213,275,14340.372873105365,sale
الخبر,الصواري,4088.050314465409,275,15500.654412553602,sale
الخبر,العقربية,4901.9607843137255,15,4647.288832983694,sale
الخبر,العقيق,1400.0,175,16516.872771640068,sale
الخبر,العليا,5691.888207225631,30,5929.864890472556,sale
الخبر,الكوثر,1158.1536748329622,83,1957.4353480328716,sale
الخبر,الكورنيش,4301.308243727599,9,4525.372943177333,sale
الخبر,اللؤلؤ,1999.087591240876,246,7899.777743395096,sale
الخبر,المرجان,1000.4827031375704,32,1038.159434725913,sale
الخبر,المها,1300.0,14,1942.9538779797633,sale
الخبر,اليرموك,6228.673287496817,10,9381.510058568882,sale
الخبر,صناعية الثقبة,4923.076923076923,11,5447.18778154361,sale
الخبر,صناعية الفوازية,4081.6326530612246,14,16157.749352501227,sale
الخبر,قرطبة,4914.529914529914,23,5176.558267004235,sale
الخبر,مدينة العمال,7869.142351900973,34,11697.146566481502,sale
الخرج,الجامعة,925.4282136894824,38,4941.710932549557,sale
الخرج,الخالدية,2296.7668506042855,36,6148.558428882412,sale
الخرج,الزاهر,1500.0,9,1409.8070250096387,sale
الخرج,السلام,1909.7222222222222,21,3619.8314614778183,sale
الخرج,العالية,923.6150202976996,24,1158.0310339680298,sale
الخرج,العدامة,786.8279569892472,14,1066.3066099355958,sale
الخرج,الفيصلية,1500.122386537481,27,1619.9130537841882,sale
الخرج,الناصفة,2086.9565217391305,53,4579.697495336054,sale
الخرج,النهضة,1300.0,16,10380.107785522949,sale
الخرج,الهدا,1600.0,29,1519.1664235677401,sale
الخرج,الورود,2875.0,19,23531.649912212637,sale
الخرج,اليرموك,1400.0,16,8586.576224758679,sale
الخرج,اليمامة,1292.7769818799547,4,32324.959919511406,sale
الخرج,مشرف,555.448717948718,62,967.9690474639467,sale
الخفجي,الخزامى,730.2883096366509,8,1290.3628840072256,sale
الخفجي,الروضة,500.0,8,780.3962728551337,sale
الخفجي,السلام,2240.0,3,2313.8501291989664,sale
الخفجي,الشاطئ,754.0,14,3024.0558308429754,sale
الخفجي,العزيزية,1356.3992651561543,4,1759.9022866491523,sale
الخفجي,الملك فهد,1441.03176283748,6,1669.5105876124933,sale
الدرعية,الخالدية,10666.666666666666,13,10274.935076472537,sale
الدرعية,العاصمة,11904.761904761905,133,12172.023401945358,sale
الدرعية,الفيصلية,15000.0,12,16185.428631790912,sale
الدرعية,ظهرة العودة شرق,6000.0,8,7000.902744559165,sale
الدرعية,ظهرة العودة غرب,5000.2331002331,41,5430.336044752416,sale
الدلم,الخالدية,828.1573498964804,3,809.6001054561253,sale
الدلم,النهضة,1111.111111111111,13,1287.29106241754,sale
الدمام,احد,2982.4561403508774,56,14793.735240641461,sale
الدمام,الأثير,3446.7218897484554,14,3405.5490552944416,sale
الدمام,الأمانة,3424.6575342465753,107,9639.600187016731,sale
الدمام,الأنوار,2363.6363636363635,153,13603.237677181167,sale
الدمام,الإسكان الجنوبي,1200.2388059701493,32,1426.258795574019,sale
الدمام,الاسكان الشمالي,3836.9304556354914,19,11960.253142994578,sale
الدمام,الامير محمد بن سعود,3000.8913213448004,9,19817.45557609794,sale
الدمام,البادية,6172.83950617284,23,13148.4976443005,sale
الدمام,البديع,3311.2582781456954,5,34866.75165562914,sale
الدمام,الجامعيين,3315.217391304348,154,14014.416540288908,sale
الدمام,الجلوية,3084.2391304347825,20,3569.2716507378746,sale
الدمام,الجوهرة,3700.0,103,6239.233903222276,sale
الدمام,الحسام,4285.714285714285,41,4519.291071058618,sale
الدمام,الحمراء,3516.304347826087,10,3717.212716187064,sale
الدمام,الخالدية الجنوبية,7186.858316221766,9,6252.098328439433,sale
الدمام,الخالدية الشمالية,4500.0,3,4098.5561833019465,sale
الدمام,الخليج,4461.538461538462,19,4423.192216018801,sale
الدمام,الدانة,3644.927536231884,20,7744.930105130987,sale
الدمام,الدواسر,14428.627656782997,4,13704.109746758844,sale
الدمام,الراكة الشمالية,3451.776649746193,245,5914.885724534511,sale
الدمام,الربيع,6769.2307692307695,3,7487.179487179487,sale
الدمام,الروضة,3103.8993710691825,15,3392.1982734168555,sale
الدمام,الريان,4997.802197802198,10,14614.94378215161,sale
الدمام,الزهور,3371.4285714285716,92,11662.013328307814,sale
الدمام,السلام,3397.0588235294117,10,3273.6251468035207,sale
الدمام,السيف,2500.0,311,4003.311841005341,sale
الدمام,الشاطئ الشرقي,4232.804232804233,42,13665.934223906856,sale
الدمام,الشاطئ الغربي,4968.815844922039,58,10423.69426179451,sale
الدمام,الشعلة,2793.939393939394,562,5420.015602006021,sale
الدمام,الصفا,3602.8617710583153,12,3512.3251808657465,sale
الدمام,الصناعية,3944.7731755424065,54,5715.062458376515,sale
الدمام,الضباب,3125.0,23,2823.6471744519104,sale
الدمام,الطبيشي,1801.171003717472,5,2528.0808824369387,sale
الدمام,العدامة,6334.853915499077,16,5972.031085642533,sale
الدمام,العروبة,3751.395909251205,98,13060.531687618259,sale
الدمام,العزيزية,3800.0,12,5724.308060292974,sale
الدمام,العنود,3549.957782155924,8,4360.024870640195,sale
الدمام,الفردوس,3459.119496855346,91,8318.89616666263,sale
الدمام,الفرسان,2629.0630975143404,65,4463.394356712061,sale
الدمام,الفيحاء,2857.1428571428573,34,8595.82520706991,sale
الدمام,الفيصلية,4250.0,35,4186.395063543579,sale
الدمام,القادسية,3022.727272727273,38,6246.334533409596,sale
الدمام,القزاز,7657.657657657658,7,6934.929353352461,sale
الدمام,المحمدية,3571.4285714285716,9,4638.391841968166,sale
الدمام,المريكبات,2623.529411764706,12,3396.923243103947,sale
الدمام,المزروعية,3899.7517070142767,26,3572.650165871163,sale
الدمام,المطار,1500.8152173913045,28,6483.410052067309,sale
الدمام,المنار,3403.1413612565443,89,17706.729430318854,sale
الدمام,المنتزه,4635.761589403974,81,4792.238650592912,sale
الدمام,الناصرية,1957.3144573144573,8,2040.0751614471628,sale
الدمام,النخيل,2525.0498189676946,8,2526.2717183287814,sale
الدمام,الندى,3565.217391304348,101,9045.403378945537,sale
الدمام,النزهة,3315.217391304348,20,3845.630682306387,sale
الدمام,النهضة,5360.012857602057,36,5369.123928101553,sale
الدمام,النور,2980.1324503311257,210,7038.182687131704,sale
الدمام,النورس,3666.6666666666665,17,3676.6530600970536,sale
الدمام,الواحة,3104.054054054054,108,10304.09742097529,sale
الدمام,بدر,2934.782608695652,101,4365.68205709881,sale
الدمام,ضاحية الملك فهد,3507.2,298,17610.447944071737,sale
الدمام,طيبة,3900.0,194,19069.31531304483,sale
الدمام,غرناطة,2242.6470588235297,18,2407.2273576097105,sale
الدمام,قصر الخليج,4625.405990617106,140,4824.216669450773,sale
الدمام,مدينة العمال,2083.339285714286,23,7372.833191550171,sale
الدوادمي,الحرمين,1000.0,5,13527.49140893471,sale
الدوادمي,الخالدية,1116.6666666666667,7,1520.2969426600534,sale
الدوادمي,الريان,1985.1116625310174,5,31491.936633431957,sale
الدوادمي,السنبلة,1990.4458598726114,3,2125.4387998631014,sale
الدوادمي,حطين,1000.0,13,1031.4615384615386,sale
الرس,الاحتفالات,740.0,51,8030.243330123334,sale
الرس,الاندلس,864.0588235294117,12,1232.9559665842714,sale
الرس,الجريف,1971.6382387229846,4,2056.2743454770957,sale
الرس,الجندل,1247.1296296296296,6,1195.531308105935,sale
الرس,الحزم,826.0,11,1431.1759635911915,sale
الرس,الربوة,2209.9447513812156,9,12804.495786631522,sale
الرس,الزهرة,3414.6341463414633,5,2359.4434507678407,sale
الرس,الشفاء,1302.3741648106904,3,1975.6691552780019,sale
الرس,المطار,3124.180327868852,6,4478.738650965109,sale
الرياض,احد,3415.6378600823045,83,15739.343242589737,sale
الرياض,اشبيلية,7609.523809523809,152,7916.632044047276,sale
الرياض,الازدهار,8523.002421307505,40,9622.3643293074,sale
الرياض,الاندلس,6944.444444444444,95,7143.442732035615,sale
الرياض,البديعة,3750.1985252410664,14,4301.79261925377,sale
الرياض,البرية,2251.30890052356,21,2534.5421339974455,sale
الرياض,البساتين,793.0,3,777.1651006711409,sale
الرياض,البيان,5581.395348837209,751,6077.379393594356,sale
الرياض,التعاون,11287.878787878788,35,12263.673147604039,sale
الرياض,الجرادية,6289.308176100629,19,5947.199306154488,sale
الرياض,الجزيرة,7026.023219205037,8,6944.856696592269,sale
الرياض,الجنادرية,4437.791084497671,834,8437.436809086601,sale
الرياض,الحائر,1125.0,83,1347.7901720534103,sale
الرياض,الحزم,3755.7037557037556,442,9813.093627892673,sale
الرياض,الحمراء,8000.542005420054,75,8693.170940590493,sale
الرياض,الخالدية,3505.023923444976,13,5126.3591999305845,sale
الرياض,الخزامى,17639.257294429706,16,17218.411704681967,sale
الرياض,الخليج,6369.426751592357,358,6307.474439158349,sale
الرياض,الخير,2700.0,332,3079.082484882175,sale
الرياض,الدار البيضاء,3470.1754385964914,292,12065.641330093962,sale
الرياض,الدريهمية,5150.214592274678,33,4810.30316878391,sale
الرياض,الدفاع,2931.720430107527,6,2949.6233961872113,sale
الرياض,الديرة,4002.112676056338,8,7143.318211171002,sale
الرياض,الرائد,14795.918367346938,10,16042.536187318847,sale
الرياض,الراية,670.0,23,728.1159790459006,sale
الرياض,الربوة,6307.620166542996,30,7593.20261544534,sale
الرياض,الربيع,10229.276895943563,67,11147.743737126564,sale
الرياض,الرحمانية,14953.703703703704,50,18382.45280725446,sale
الرياض,الرسالة,675.0,16,695.3712831210597,sale
الرياض,الرفيعة,10882.35294117647,19,11830.64554435574,sale
الرياض,الرمال,6115.278543849972,1046,6547.784889189209,sale
الرياض,الروابي,7743.459302325582,50,8509.74256622477,sale
الرياض,الروضة,7607.692307692308,144,6869.328829222031,sale
الرياض,الريان,7247.0,47,8551.411197462305,sale
الرياض,الزاهر,900.0432692307693,86,969.5756058623904,sale
الرياض,الزهراء,7182.539682539683,14,8712.582284764921,sale
الرياض,الزهرة,4296.875,124,4699.1542293928305,sale
الرياض,السحاب,4430.290435139573,230,12272.64015650584,sale
الرياض,السدرة,9666.666666666668,4,7968.333333333334,sale
الرياض,السعادة,5845.238095238095,266,5662.777257083168,sale
الرياض,السلام,5804.511278195489,46,5914.528940544366,sale
الرياض,السلي,3437.5,31,5065.411650675406,sale
الرياض,السليمانية,10709.267313482771,14,11466.453996563878,sale
الرياض,السويدي,4677.419354838709,213,8807.366680754243,sale
الرياض,السويدي الغربي,5932.203389830508,94,6310.571264951604,sale
الرياض,الشرفية,8001.233045622688,5,13155.590476608346,sale
الرياض,الشعلة,690.5,70,706.5073426953534,sale
الرياض,الشفا,3572.012226492752,196,22730.215173806595,sale
الرياض,الشميسي,4500.0,17,6884.761254124079,sale
الرياض,الشهداء,10263.157894736843,58,11288.437861425911,sale
الرياض,الصالحية,3658.5365853658536,8,3717.6802377949516,sale
الرياض,الصحافة,12000.0,149,15069.810842052795,sale
الرياض,الصفا,6500.0,41,6792.010184337612,sale
الرياض,الصناعية,6814.310051107325,13,11915.28629933874,sale
الرياض,الضباط,8904.109589041096,5,9647.488584474886,sale
الرياض,العارض,10307.310930982923,1006,10478.011320249163,sale
الرياض,العريجاء,6825.0,22,6640.246211362825,sale
الرياض,العريجاء الغربي,5072.463768115942,165,5518.146358006711,sale
الرياض,العريجاء الوسطى,4875.0,52,11412.744041391394,sale
الرياض,العزيزية,4000.0,77,12426.614217983291,sale
الرياض,العقيق,12003.201707577375,102,11905.251915140732,sale
الرياض,العلا,745.3757159221077,45,794.4262426120449,sale
الرياض,العليا,8058.608058608059,85,11293.262749408566,sale
الرياض,العمل,6679.775280898876,31,8513.782750717566,sale
الرياض,العوالي,4533.333333333333,497,8429.08910371352,sale
الرياض,العود,4531.25,17,5899.720282278059,sale
الرياض,الغدير,12000.0,24,11365.488009450813,sale
الرياض,الغنامية,1250.0,63,1694.8530992880694,sale
الرياض,الفاروق,5150.0,44,5708.939095397018,sale
الرياض,الفرسان,792.5052219321149,10,828.5120192648565,sale
الرياض,الفلاح,11479.574350469873,44,11700.662725670096,sale
الرياض,الفوطة,15688.744163185056,10,20319.615583108414,sale
الرياض,الفيحاء,6813.725490196079,107,6411.395152512016,sale
الرياض,الفيصلية,4000.599793174767,20,4504.133240851847,sale
الرياض,القادسية,5770.7942464040025,868,6530.9515696976105,sale
الرياض,القدس,8281.573498964803,65,8612.974727284878,sale
الرياض,القيروان,12098.656480505797,218,13082.414206636837,sale
الرياض,المؤتمرات,10951.31086142322,28,12613.171403230333,sale
الرياض,المحمدية,15217.391304347826,23,16004.415211662865,sale
الرياض,المربع,10000.0,27,11049.538894790465,sale
الرياض,المرجان,4606.741573033708,255,9697.042375638779,sale
الرياض,المرسلات,11350.0,28,11907.911503486115,sale
الرياض,المرقب,7983.682983682984,22,8286.981075647609,sale
الرياض,المروة,3553.2879818594106,142,15704.921868397267,sale
الرياض,المروج,10880.0,19,13912.441979408944,sale
الرياض,المشاعل,3000.7203389830506,15,3042.5381195563045,sale
الرياض,المشرق,950.0983606557377,45,1223.6882161723079,sale
الرياض,المصانع,3056.2412435786246,84,13689.967983815623,sale
الرياض,المصفاة,2000.1632564214192,65,2286.607766505089,sale
الرياض,المصيف,10207.208521815264,30,10860.485332971646,sale
الرياض,المعذر,18074.074074074073,4,17371.327891261735,sale
الرياض,المعذر الشمالي,11195.652173913044,5,10990.518262641026,sale
الرياض,المعيزلة,5472.636815920398,227,5774.840861880069,sale
الرياض,المغرزات,11447.368421052632,33,11309.969792019718,sale
الرياض,الملز,7600.0,31,10803.545350446086,sale
الرياض,الملقا,13397.435897435898,286,14769.327489602087,sale
الرياض,الملك عبدالعزيز,9867.256637168142,12,10377.840674914956,sale
الرياض,الملك عبدالله,9230.76923076923,37,10439.665619580175,sale
الرياض,الملك فهد,10016.266964119724,38,12928.219922510209,sale
الرياض,الملك فيصل,7396.885521885522,156,8910.157757419161,sale
الرياض,المناخ,2500.0,19,2550.341618296668,sale
الرياض,المنار,6500.0,65,6314.25473295431,sale
الرياض,المنصورة,5483.870967741936,15,5305.370969748904,sale
الرياض,المنصورية,2000.0,39,5465.871007711022,sale
الرياض,المهدية,6262.3239436619715,1862,6819.770650804024,sale
الرياض,المونسية,8022.9226361031515,1197,8407.774193980064,sale
الرياض,الناصرية,11023.64938594925,12,11117.237111026261,sale
الرياض,النخبة,664.0957368614479,36,760.7814828691867,sale
الرياض,النخيل,12500.0,11,12625.904413505992,sale
الرياض,الندوة,4964.5390070921985,370,9539.910877532067,sale
الرياض,الندى,12000.0,177,12028.012039411293,sale
الرياض,النرجس,11509.788146956289,688,11758.944476481794,sale
الرياض,النزهة,12500.0,39,12953.600728967771,sale
الرياض,النسيم الشرقي,5555.555555555556,59,5772.244042941063,sale
الرياض,النسيم الغربي,3680.0,129,4413.297103572371,sale
الرياض,النظيم,2500.0,213,4704.3545230073,sale
الرياض,النفل,10000.0,51,10207.592403128596,sale
الرياض,النهضة,5825.757575757576,308,6286.917427808775,sale
الرياض,النور,2600.3554266777132,15,2731.7312630284414,sale
الرياض,الوادي,10524.154589371981,48,10542.777069021262,sale
الرياض,الورود,10000.0,33,10634.543555928598,sale
الرياض,الوزارات,9160.0,14,14355.31133010578,sale
الرياض,الوسام,2607.714768202503,98,6165.243213948226,sale
الرياض,الوشام,4609.964322120286,6,5795.05797755696,sale
الرياض,الياسمين,10648.893921753137,392,11083.459278457425,sale
الرياض,اليرموك,6944.444444444444,572,7396.799068082305,sale
الرياض,اليمامة,3504.901960784314,32,8131.439220456126,sale
الرياض,ام الحمام الشرقي,10583.941605839416,25,12022.763753935338,sale
الرياض,ام الحمام الغربي,7500.0,8,11730.819125277983,sale
الرياض,ام الشعال,1000.0,3,1053.0045211672832,sale
الرياض,ام سليم,4310.3448275862065,11,5124.351291842893,sale
الرياض,بدر,3264.4628099173556,1420,18649.37745230534,sale
الرياض,ثليم,11764.70588235294,9,11189.64734332537,sale
الرياض,جرير,6666.666666666667,45,8340.243159565473,sale
الرياض,حطين,13729.977116704806,69,15238.753576288982,sale
الرياض,ديراب,3435.114503816794,145,9648.223536441521,sale
الرياض,سكيرينة,6696.428571428572,13,6788.576218332518,sale
الرياض,سلطانة,4577.4647887323945,47,5095.115913496528,sale
الرياض,شبرا,1720.0,154,5663.697300683553,sale
الرياض,ضاحية نمار,2286.0,419,3330.659634454328,sale
الرياض,طويق,4422.80564263323,1930,7834.167118382704,sale
الرياض,طيبة,2300.0,42,5542.096610373241,sale
الرياض,ظهرة البديعة,3200.0,52,4514.891452800222,sale
الرياض,ظهرة لبن,5182.926829268293,563,6430.555165360394,sale
الرياض,عتيقة,4095.563139931741,13,3944.6826993145323,sale
الرياض,عرقة,9000.0,176,9769.404756356145,sale
الرياض,عريض,1250.0,248,3292.096453215871,sale
الرياض,عكاظ,3920.4545454545455,669,12893.118314028045,sale
الرياض,عليشة,6692.952437633288,12,18500.130570350422,sale
الرياض,غبيرة,5004.977116704806,19,4727.669380034826,sale
الرياض,غرناطة,7687.074829931973,188,7950.97170449802,sale
الرياض,قرطبة,9200.0,631,8963.648179907043,sale
الرياض,لبن,5895.314122533749,108,6136.836600268173,sale
الرياض,مطار الملك خالد,8333.333333333334,46,9811.262019718135,sale
الرياض,منفوحة,5182.926829268293,49,5345.710977618617,sale
الرياض,منفوحة الجديدة,6434.127772260841,24,6324.855085441127,sale
الرياض,نمار,3250.0,54,8360.936842096127,sale
الرياض,هيت,2000.0,6,1790.262128679219,sale
الرياض,وادي لبن,5862.068965517241,157,8099.661020720096,sale
الزلفي,الخالدية,951.6918367126949,6,1286.3823553853592,sale
الزلفي,السلام,564.4654088050315,6,844.399159982247,sale
الزلفي,السيح,499.7810650887574,3,516.4723291396182,sale
الزلفي,العزيزية,2891.323593399605,6,6004.101163809522,sale
الزلفي,الفاروق,726.686507936508,4,877.6289682539682,sale
الزلفي,الملك سلمان,846.1538461538462,5,1139.6972528527742,sale
الزلفي,الملك عبدالله,753.0120481927711,3,841.2685663288072,sale
الزلفي,المنار,1209.848484848485,4,1296.5102875722928,sale
الزلفي,اليمامة,890.7947724337057,6,924.3228796807549,sale
الزلفي,عريعرة,2613.240418118467,3,2030.6470345809448,sale
الطائف,الاخباب,3049.0956072351423,125,30881.82409292917,sale
الطائف,الجفيجف,3333.3333333333335,35,7998.490923916164,sale
الطائف,الحلقة الشرقية,3030.3030303030305,37,22016.497858507213,sale
الطائف,الرحاب,2976.190476190476,147,42617.91616846861,sale
الطائف,السداد,3825.136612021858,83,24606.09495834083,sale
الطائف,السيل الكبير,2173.2185025698013,42,26101.938953167937,sale
الطائف,القمرية,3740.4580152671756,95,15443.893176552725,sale
الطائف,القيم الأعلى,3197.3916887709993,82,30743.38389092125,sale
الطائف,النسيم,3649.2890995260664,18,18821.591381401242,sale
الطائف,الواسط,2935.294117647059,233,42860.99917975287,sale
الطائف,ضاحية الاسكان,1809.134287661895,26,23624.75636156618,sale
العيون,الرابية,2987.5818251829032,14,47450.95093630399,sale
الغاط,المصيف,916.6666666666666,7,1094.2865809093607,sale
القصب,الفيصلية,642.0823529411765,3,606.6070935600347,sale
القطيف,الخزامى,3300.0,9,15868.960040209478,sale
القطيف,الزهراء,4855.072463768116,16,5653.981744851532,sale
القطيف,المدارس,3745.9349593495936,36,6795.563710340339,sale
القطيف,باب الشمال,4911.591355599214,7,4465.977415176229,sale
القويعية,ابو سليم,1250.0,5,1274.6772767462421,sale
القويعية,الزهور,1027.3972602739725,3,1235.1680375903563,sale
القيصومة,الشفاء,1136.3636363636363,4,1133.5227272727273,sale
المجمعة,الاندلس,1692.195652173913,10,1518.7924021957976,sale
المجمعة,الجامعيين,803.0,27,5874.6665137913,sale
المجمعة,المستقبل,893.0,29,6117.0217932874875,sale
المجمعة,المطار,1000.0,29,1754.1974921630094,sale
المجمعة,الملك عبدالعزيز,1500.0,3,1683.3333333333333,sale
المجمعة,الملك عبدالله,2226.190476190476,18,10036.551391600411,sale
المجمعة,الملك فهد,1500.0,11,2037.863864462227,sale
المجمعة,اليرموك,555.5555555555555,27,938.2511498240681,sale
المدينة المنورة,ابو كبير,1500.0,21,22041.195862165212,sale
المدينة المنورة,ابيار الماشي,486.2,35,3693.2225825487794,sale
المدينة المنورة,الاسكان,5507.236842105263,17,5079.8012275497185,sale
المدينة المنورة,الاصيفرين,3888.8888888888887,13,5320.838957866314,sale
المدينة المنورة,الاناهي,3466.6666666666665,61,4220.209373560605,sale
المدينة المنورة,البركة,2319.90231990232,19,3613.266377422482,sale
المدينة المنورة,البلقاء,952.4,23,1057.2494527596125,sale
المدينة المنورة,التلعة,1501.0559884378536,6,2038.534957230857,sale
المدينة المنورة,الجابرة,3209.8765432098767,27,3242.688897126308,sale
المدينة المنورة,الجامعة,3535.3535353535353,15,3806.316151867356,sale
المدينة المنورة,الجصة,2431.289640591966,67,7048.004018997764,sale
المدينة المنورة,الجماوات,3764.921417069243,34,9857.491039081278,sale
المدينة المنورة,الجمعة,7507.120253164557,7,11459.769807047023,sale
المدينة المنورة,الحديقة,4210.526315789473,7,8822.382880277617,sale
المدينة المنورة,الخاتم,8975.124378109453,4,8872.60830236171,sale
المدينة المنورة,الخالدية,4278.6967418546365,28,5218.503354117526,sale
المدينة المنورة,الدفاع,3527.951464946168,110,17960.62695157658,sale
المدينة المنورة,الدويخلة,2364.5707024158637,26,6566.949170075926,sale
المدينة المنورة,الدويمة,6042.296072507553,7,5706.741662000465,sale
المدينة المنورة,الرانوناء,3234.3326795554312,136,14179.09132432736,sale
المدينة المنورة,الراية,7918.552036199095,16,8333.610043597102,sale
المدينة المنورة,الرمانة,3074.5341614906833,45,13581.548793946808,sale
المدينة المنورة,الروابي,3349.282296650718,66,11361.489321505453,sale
المدينة المنورة,الزهرة,1403.9565217391305,21,1927.997022647943,sale
المدينة المنورة,السد,3117.5,36,2875.0249015640516,sale
المدينة المنورة,السقيا,7092.198581560284,3,6482.174283541972,sale
المدينة المنورة,السكب,1247.7064220183486,65,6029.62810112135,sale
المدينة المنورة,السلام,1724.2451154529308,56,10504.388767393173,sale
المدينة المنورة,السيح,7007.3298429319375,9,14234.373028757174,sale
المدينة المنورة,الشافية,1181.7841328413283,42,5238.988620557566,sale
المدينة المنورة,الشريبات,4215.278246205734,17,4923.330922953845,sale
المدينة المنورة,الشهداء,5500.207547169812,4,5647.442099045777,sale
المدينة المنورة,الصناعية,1000.0,41,5257.199834246839,sale
المدينة المنورة,الصويدرة,500.0,8,13760.462402523995,sale
المدينة المنورة,الظاهرة,3726.851851851852,14,5973.359922308366,sale
المدينة المنورة,العاقول,1801.7560975609756,37,6085.959903954711,sale
المدينة المنورة,العريض,5370.386157198178,40,9938.280935086463,sale
المدينة المنورة,العزيزية,2178.7709497206706,71,10295.880459669652,sale
المدينة المنورة,العنابس,4045.6431535269708,17,5285.881014354194,sale
المدينة المنورة,العهن,4914.960692173518,14,4664.873882200993,sale
المدينة المنورة,العيون,3629.117291414752,9,3267.887754943973,sale
المدينة المنورة,الغابة,800.0,10,1608.026465962248,sale
المدينة المنورة,الغراء,3125.0,45,9199.986348416367,sale
المدينة المنورة,الفتح,11795.538884981723,8,12205.558863304186,sale
المدينة المنورة,القبلتين,3449.2974971558588,14,4685.369934786248,sale
المدينة المنورة,القصواء,3598.214285714286,28,4220.398002445347,sale
المدينة المنورة,المبعوث,3400.210382513661,28,4515.464069480851,sale
المدينة المنورة,المدينة الصناعية,2564.102564102564,49,13379.367796326393,sale
المدينة المنورة,المصانع,15575.085833706524,12,14514.168853669355,sale
المدينة المنورة,المطار,2383.770852428964,20,11846.857677511764,sale
المدينة المنورة,المغيسلة,5229.102456124378,16,7003.883476683385,sale
المدينة المنورة,الملك فهد,3287.1649273582975,68,10785.13938881048,sale
المدينة المنورة,المندسة,1032.608695652174,3,978.2608695652175,sale
المدينة المنورة,النخيل,1604.0673076923076,6,1596.4107142857144,sale
المدينة المنورة,الهدراء,3381.6425120772947,3,3593.4588964308277,sale
المدينة المنورة,بئر عثمان,9737.036668655925,8,8925.872424280444,sale
المدينة المنورة,بني بياضة,3391.304347826087,79,22543.036718495026,sale
المدينة المنورة,بني حارثة,4680.555555555556,28,6876.026017086342,sale
المدينة المنورة,بني ظفر,5333.849249342207,8,5731.573368262045,sale
المدينة المنورة,بني معاوية,5652.519893899204,14,6429.124737634736,sale
المدينة المنورة,جبل احد,2164.8232942086934,4,2254.3764624700034,sale
المدينة المنورة,جبل عير,1024.0648464163824,10,26739.709388371528,sale
المدينة المنورة,جشم,4977.497631329614,32,5109.716424651439,sale
المدينة المنورة,حى ابو سدر,1900.0,9,1795.5571939597498,sale
المدينة المنورة,حى الحساء,1231.1284403669724,21,2059.9806710182097,sale
المدينة المنورة,حى الخضراء,1154.4676923076922,101,7015.0678342362835,sale
المدينة المنورة,حى الصهلوج,1334.0,59,1740.2074357521255,sale
المدينة المنورة,حى القبيبة,2300.0,9,19722.222222222223,sale
المدينة المنورة,حى سد الغابة,2575.757575757576,23,3070.8436454955336,sale
المدينة المنورة,ذو الحليفة,2206.970297029703,17,2941.3915391303344,sale
المدينة المنورة,رهط,2628.5913185913187,28,11412.484327502098,sale
المدينة المنورة,سكة الحديد,3098.129536571748,82,9556.369760579595,sale
المدينة المنورة,شظاة,4244.186046511628,46,7133.794252741609,sale
المدينة المنورة,شوران,3865.8360646552933,142,20584.091292791516,sale
المدينة المنورة,طيبة,3171.794871794872,46,11144.796950512004,sale
المدينة المنورة,عروة,4000.0,9,16429.32243652707,sale
المدينة المنورة,عين الخيف,3826.530612244898,72,9280.116057115589,sale
المدينة المنورة,كتانة,2374.0746298519407,22,32777.13397340227,sale
المدينة المنورة,نبلاء,3271.0280373831774,95,13489.718290177263,sale
المدينة المنورة,وادي البطان,2200.0,13,2161.5384615384614,sale
المدينة المنورة,وادي مذينب,3447.4481398797398,70,3414.9028335927323,sale
المدينة المنورة,وادي مهزور,4100.0,25,4945.781379535803,sale
المدينة المنورة,ورقان,2147.3684210526317,41,6513.980251307035,sale
المدينة المنورة,وعيرة,1738.6499215070644,18,16818.9379346669,sale
المذنب,الورود,2229.1269448956054,10,30272.219538110243,sale
المزاحمية,الأندلس,3133.903133903134,8,3364.2252423502423,sale
المزاحمية,الجامعة,524.4755244755245,4,524.4755244755245,sale
المزاحمية,الحزيمية,2336.448598130841,5,2739.2062599860897,sale
المزاحمية,الراشدية,3626.943005181347,3,3158.702744194972,sale
المزاحمية,الريف,2100.0,3,2286.099086099086,sale
المزاحمية,الشلال,2539.6825396825398,3,2516.4021164021165,sale
المزاحمية,العليا,3681.1953697141507,4,3931.2111579690923,sale
المزاحمية,الغطغط,1593.75,6,1651.388888888889,sale
المزاحمية,اللؤلؤة,1350.0,10,1795.687531208861,sale
المزاحمية,المحمدية,941.6121562952243,5,904.7672937771346,sale
المزاحمية,المروج,2500.5257633587785,8,2599.9890450963503,sale
المزاحمية,الهدا,4419.889502762431,15,13859.781575396455,sale
المزاحمية,الواحة,1030.0,9,1080.2720072091474,sale
المزاحمية,الورود,1800.0,11,13800.971377459204,sale
المزاحمية,شخيب,1500.0,7,1662.6190001802674,sale
المزاحمية,طويق,1275.9170653907497,9,1668.8691494702425,sale
المزاحمية,نواره,3000.0,21,3096.677033862884,sale
المزاحمية,وسيلة,952.3249502442554,8,1088.5646559323668,sale
النعيرية,الخليج,743.0,15,1325.371009686588,sale
النعيرية,الربيع,789.4736842105264,17,841.7515564016828,sale
النعيرية,الفيصلية,897.4842767295597,6,1595.5904251072973,sale
النعيرية,المحمدية,1792.1146953405018,3,1387.3715651135008,sale
النماص,السلام,889.0469416785206,7,2131.7049351733763,sale
بريدة,الأخضر,1419.8782961460447,17,2376.867048181957,sale
بريدة,الإسكان,2125.0,19,2195.5170276873796,sale
بريدة,الافق,2083.3333333333335,14,16937.22174060228,sale
بريدة,التعليم,2094.634333508441,4,1986.8326553639715,sale
بريدة,الجزيرة,800.0,76,2822.327615384134,sale
بريدة,الحزم,1229.536332179931,140,5969.743115939701,sale
بريدة,الخبيب,1774.6932515337423,8,1875.5926305852167,sale
بريدة,الخزامى,587.5,64,2205.5938793020073,sale
بريدة,الخليج,1000.6410256410256,8,1509.2033398558146,sale
بريدة,الرابية,1197.3333333333333,15,1252.6212503760578,sale
بريدة,الربوة,1305.4830287206266,13,2059.684260532863,sale
بريدة,الربيع,2680.9651474530833,3,2431.0441492777704,sale
بريدة,الرحاب,1251.1764705882351,98,5853.144383808842,sale
بريدة,الرفيعة,2222.222222222222,11,10342.604988963069,sale
بريدة,الرمال,2399.038980671634,44,23163.39446108277,sale
بريدة,الروابي,2287.581699346405,71,20595.53732196183,sale
بريدة,الروضه,1942.4460431654677,13,2404.861561544905,sale
بريدة,الريان,2307.6923076923076,43,2563.80432798915,sale
بريدة,الزرقاء,1391.465677179963,47,8987.489331478644,sale
بريدة,السالمية,700.3844189016603,21,1053.9269089677844,sale
بريدة,الشروق,800.0,41,7922.528198953687,sale
بريدة,الشفق,533.3333333333334,57,772.2791813304727,sale
بريدة,الشقة,512.0248023533737,58,4262.930876900137,sale
بريدة,الشماس,1889.7091474245115,6,2246.069128879271,sale
بريدة,الصفراء,2665.8435100301076,22,2615.892149000291,sale
بريدة,الغدير,736.5705065791304,12,937.69632996879,sale
بريدة,الفايزية,1902.2556390977443,10,1731.5985665301712,sale
بريدة,القادسية,1418.4397163120568,15,6363.1268105689805,sale
بريدة,القاع البارد,700.3787439613527,17,965.6913259278738,sale
بريدة,القصيعة,933.3333333333334,13,1274.6495964016542,sale
بريدة,اللسيب,765.3835425383543,16,1695.8799278556348,sale
بريدة,المرقب,1749.625344352617,12,2986.6949964123182,sale
بريدة,المنار,2120.958751393534,36,2213.9828633961442,sale
بريدة,الموطا,901.7344046434578,8,2762.437758653389,sale
بريدة,النخيل,2273.80775516268,88,9651.077786086174,sale
بريدة,النفل,642.1316382470656,16,820.9381813241285,sale
بريدة,النهضة,2532.1888412017165,43,5604.905658542992,sale
بريدة,النور,800.0,172,1027.8119256002792,sale
بريدة,اليرموك,974.6517259828354,6,1016.5114150676386,sale
بريدة,حويلان,580.0,17,928.2381887053857,sale
بريدة,خب البريدي,1746.031746031746,25,16753.337637636614,sale
بريدة,خب الثنيان,2900.0,19,2578.3780534611947,sale
بريدة,واسط,499.76457847574636,12,1017.3292473562142,sale
بقيق,المطار,700.0,31,1251.5834710385072,sale
بيشة,الامير سلطان,1900.0,9,15028.429197246403,sale
بيشة,الخزان,460.0,4,588.2432432432432,sale
بيشة,النزهة,1212.797619047619,4,29295.32738095238,sale
تبوك,الاخضر,2972.972972972973,15,2890.921450995615,sale
تبوك,البوادي,3083.0508474576272,14,20393.71470340015,sale
تبوك,الجامعة,660.4527022523155,10,682.4284028966565,sale
تبوك,الحمراء,4268.292682926829,7,37832.47315659473,sale
تبوك,الروضة,3181.818181818182,5,22339.36438011328,sale
تبوك,الريان,1215.80547112462,17,1804.4284254613704,sale
تبوك,الفلاح,2271.006813020439,5,2210.449768577632,sale
تبوك,الفيصلية الجنوبية,7313.13399098634,4,12799.616928016787,sale
تبوك,القادسية الاول,3028.169014084507,9,2492.7539040240267,sale
تبوك,القادسية الثاني,3108.8082901554403,11,16255.334724847076,sale
تبوك,القدس,2380.9523809523807,3,2013.2857142857144,sale
تبوك,النظيم,2836.3636363636365,7,2581.2699334546255,sale
تبوك,الورود,3318.181818181818,5,33051.32231404959,sale
تبوك,الياسمين,1057.5735294117646,4,1148.8862408963585,sale
تبوك,اليرموك,3297.4137931034484,6,3277.983702694626,sale
تبوك,سلطانة,2794.565217391304,6,3955.743961352657,sale
تبوك,غرناطة,1212.2448979591836,6,1796.007443557133,sale
تنومة,الامل,771.8282682103232,3,1705.9940381213898,sale
ثادق,الجنادرية,649.9366306027821,50,849.5360679227656,sale
جازان,الروابي,527.0,58,1132.2534920434741,sale
جازان,الروضة,2806.454796683774,90,22704.820631045364,sale
جازان,الزهور,2929.2929292929293,237,32133.345795850975,sale
جازان,الشاطئ,2682.9268292682927,314,23065.909958614095,sale
جازان,الصفا,2798.857609139127,478,22254.660900566138,sale
جازان,المطار,3114.754098360656,32,37228.38017208759,sale
جازان,النور,2449.88864142539,13,19398.33655561396,sale
جدة,أم حبلين الغربية,3532.608695652174,147,19617.045804366022,sale
جدة,ابحر الجنوبية,6933.333333333333,85,9341.317371003017,sale
جدة,ابحر الشمالية,6689.038031319911,108,10025.92032973968,sale
جدة,ابرق الرغامة,3571.4285714285716,77,19078.525471030895,sale
جدة,الاجاويد,4400.0,25,4655.925136441526,sale
جدة,الاجواد,4400.0,71,8892.143673811059,sale
جدة,الاصالة,3558.3333333333335,25,4407.95335919998,sale
جدة,الامواج,6125.0,50,10014.374883592489,sale
جدة,الامير عبدالمجيد,3741.496598639456,33,14385.122223017368,sale
جدة,الامير فواز الجنوبى,8333.333333333334,9,21091.41314598659,sale
جدة,الاندلس,6250.0,107,8086.031260324166,sale
جدة,البحيرات,2672.650334075724,63,3933.6571023976107,sale
جدة,البركة,500.5422691879867,12,612.2316462736374,sale
جدة,البساتين,7525.083612040134,83,8297.563880507636,sale
جدة,البشائر,3082.5,78,7866.79017200545,sale
جدة,البغدادية الشرقية,7024.793388429752,21,13464.553789959647,sale
جدة,البغدادية الغربية,8962.783409235592,14,34972.6814445214,sale
جدة,البوادي,3686.6359447004606,280,15991.975989644905,sale
جدة,التعاون,5555.555555555556,21,10702.643017763576,sale
جدة,الثغر,5025.373134328358,6,5169.066706126347,sale
جدة,الجامعة,3453.846153846154,363,14242.72328202897,sale
جدة,الجزيرة,974.6320921438494,42,1028.315167061075,sale
جدة,الجوهرة,6500.0,7,15320.308310655895,sale
جدة,الحجاز,1577.7777777777778,30,20088.1981138858,sale
جدة,الحمدانية,4166.666666666667,106,12151.135787757095,sale
جدة,الحمراء,891.7525773195877,303,2438.821429719895,sale
جدة,الخالدية,7500.0,51,8029.922396516471,sale
جدة,الخليج,1245.2381489841987,12,1452.5694393319566,sale
جدة,الخمرة,5400.0,29,17187.22524346265,sale
جدة,الدرة,1100.0,30,2063.5605572288155,sale
جدة,الربوة,3196.72131147541,445,13679.172257204837,sale
جدة,الربيع,1177.0,19,1387.4938577234673,sale
جدة,الرحاب,4022.9885057471265,305,11031.967646963387,sale
جدة,الرحمانية,4500.0,423,21031.986100401988,sale
جدة,الروابي,3487.1794871794873,71,15598.439561821058,sale
جدة,الروضة,5612.244897959184,1529,5877.872350722191,sale
جدة,الرويس,7448.500601311247,30,8558.307655153232,sale
جدة,الرياض,3380.0494641384994,339,19963.86267265547,sale
جدة,الريان,3520.0,553,21513.650331993405,sale
جدة,الزمرد,4858.299595141701,185,5588.728781077774,sale
جدة,الزهراء,1820.1284796573875,603,4306.650191874672,sale
جدة,الزهور,1050.2222222222222,4,1024.720486111111,sale
جدة,الساحل,1163.2844036697247,15,2016.9504398893878,sale
جدة,السامر,3962.025316455696,42,10332.980829312242,sale
جدة,السروات,5250.0,6,21875.0,sale
جدة,السرورية,2042.2480620155038,14,10431.583615987289,sale
جدة,السلامة,4601.226993865031,1697,9981.227749582877,sale
جدة,السليمانية,906.4885496183206,118,6333.041245228038,sale
جدة,السنابل,5745.454545454545,13,17696.34950739784,sale
جدة,السهل,3283.0459770114944,18,49313.63446621953,sale
جدة,الشاطئ,14981.2734082397,69,16099.48097570935,sale
جدة,الشراع,6415.396952686448,158,7053.380116380746,sale
جدة,الشرفية,6250.0,33,9915.143407049176,sale
جدة,الشويضي,1149.3732057416269,9,1318.2165159557203,sale
جدة,الصالحية,4680.3224312518,152,19268.24126730343,sale
جدة,الصفا,818.1818181818181,1540,12870.323877063352,sale
جدة,الصفحة,3548.3870967741937,33,10990.026720500624,sale
جدة,الصفوة,1125.0,69,4032.8423100470354,sale
جدة,الصوارى,743.0555555555555,987,8086.624782849847,sale
جدة,العبير,1066.0,14,1196.3492112135177,sale
جدة,العدل,3548.534798534799,12,5545.50163042467,sale
جدة,العزيزية,3885.714285714286,149,14163.027121632995,sale
جدة,العشيرية,2458.1005586592178,7,16733.566588661924,sale
جدة,الغدير,1240.6947890818858,25,1337.5865554936527,sale
جدة,الغربية,3125.0,11,2433.439814217341,sale
جدة,الفردوس,3805.9006211180126,61,6312.998261256925,sale
جدة,الفرقان,1018.262987012987,22,5280.186316672701,sale
جدة,الفروسية,3997.7678571428573,99,23310.152265000066,sale
جدة,الفضيلة,4875.0,67,19564.462067815133,sale
جدة,الفلاح,3791.666666666667,104,8771.332875749742,sale
جدة,الفنار,2066.0,87,3161.702459734221,sale
جدة,الفيحاء,4142.857142857143,231,26664.56058715094,sale
جدة,الفيصلية,3198.529411764706,454,14621.160710972974,sale
جدة,القرينية,3111.1111111111113,82,10359.111722094529,sale
جدة,الكوثر,3590.821000704722,58,18071.65301143144,sale
جدة,اللؤلؤ,7000.0,101,7633.282692281641,sale
جدة,المحجر,2300.0,3,2516.314484126984,sale
جدة,المحمدية,7938.888888888889,108,8864.151882305807,sale
جدة,المرجان,6584.761189610359,52,9793.019373606214,sale
جدة,المروة,4223.60248447205,846,14265.5711881371,sale
جدة,المروج,1667.0,41,4949.816574854602,sale
جدة,المسرة,589.6056729699667,16,824.1766539371639,sale
جدة,المليساء,505.61519792058124,16,572.9776248088959,sale
جدة,المنار,4222.190852625636,340,20470.869772145576,sale
جدة,المنارات,4378.771742988995,114,6631.02024848548,sale
جدة,النجمة,1333.6666666666665,28,1532.0885739415223,sale
جدة,النخيل,3866.444279713368,28,21297.90370577006,sale
جدة,النزهة,720.0,1530,10617.23073773243,sale
جدة,النسيم,4785.353535353535,64,18079.03142125472,sale
جدة,النعيم,4455.231930960086,1994,10583.352790489711,sale
جدة,النهضة,1665.079365079365,805,4549.808230124859,sale
جدة,النور,2167.0,70,3195.5744337649626,sale
جدة,الواحة,3944.055944055944,478,16887.30329220119,sale
جدة,الورود,4497.066942719117,78,7959.865228146564,sale
جدة,الوفاء,3064.516129032258,99,25722.000493914536,sale
جدة,الياقوت,5304.48717948718,176,7990.703255265031,sale
جدة,اليسر,1000.0,26,1252.8143964365615,sale
جدة,ام السلم,3138.0753138075315,75,28993.331638182277,sale
جدة,بريمان,3561.6438356164385,56,15132.352409809844,sale
جدة,بلدة ذهبان,1200.0,11,2167.9489039666973,sale
جدة,بنى مالك,4594.0495867768595,52,39442.96451183509,sale
جدة,جامعة الملك عبدالعزيز,4310.3448275862065,5,4300.589978182921,sale
جدة,حكومي,3302.777777777778,214,19327.840236785596,sale
جدة,طيبة,4518.219461697723,104,10843.72622024291,sale
جدة,قباء,3323.776158445441,32,8753.569601034891,sale
جدة,مدائن الفهد,3949.5798319327732,11,25919.44631450743,sale
جدة,مريخ,3233.881725211205,418,16290.503645646635,sale
جدة,مشرفة,3901.098901098901,113,26775.440194581213,sale
جلاجل,الملك فيصل,477.0,7,1259.2280317548173,sale
حائل,اجا,3496.5034965034965,3,3204.0428321678323,sale
حائل,الخزامى,1892.857142857143,36,30567.263238496296,sale
حائل,الرصف,2253.218884120172,37,33900.571329478014,sale
حائل,السويفلة,1404.727095516569,18,8251.100218601685,sale
حائل,العزيزية,1121.8905472636816,6,2724.1679719917015,sale
حائل,اللقيطة,1875.0,7,13113.676986111732,sale
حائل,المدائن,2068.9655172413795,32,30571.54592569854,sale
حائل,المصيف,2065.3400653400654,8,33292.18410857402,sale
حائل,المطار,2097.902097902098,13,2531.7958479699373,sale
حائل,المنتزه الشرقي,51613.19612590799,6,56076.53089484381,sale
حائل,النقرة,3213.5326221781197,32,26461.457250620293,sale
حائل,الوادي,1381.9095477386934,37,15720.975598624476,sale
حائل,الوسيطاء,1425.5815347721823,6,2413.0455989120146,sale
حائل,حدري البلاد,1803.2150776053215,26,29141.279515689588,sale
حائل,صبابة,2445.7831325301204,8,18054.834996268022,sale
حائل,ضاحية الملك فهد,605.0,9,13048.100250626567,sale
حائل,قفار,650.0,36,7361.2907369894365,sale
حريملاء,السد,1200.0,40,1455.8898356141208,sale
حريملاء,النخيل,950.0,15,971.8383387576247,sale
حريملاء,النهضة,1539.0,18,1570.6008259484786,sale
حفر الباطن,التلال,849.4382022471909,8,826.6095505617977,sale
حفر الباطن,الخالدية,2373.887240356083,5,2034.1774480712168,sale
حفر الباطن,الريان,2223.863636363636,14,17461.58008658009,sale
حفر الباطن,السليمانية,1578.9473684210527,9,19052.866110768024,sale
حفر الباطن,الشفاء,508.33333333333337,4,541.8018541157294,sale
حفر الباطن,العزيزية,757.5757575757576,3,905.6439768605942,sale
حفر الباطن,الفيحاء,550.0,5,768.0,sale
حفر الباطن,الفيصلية,1916.4193867457961,6,2286.6839875476244,sale
حفر الباطن,المحمدية,1070.0,10,1549.2333333333333,sale
حفر الباطن,الوادي,2900.0,9,2688.327226214588,sale
حفر الباطن,اليرموك,2562.5,10,33920.119047619046,sale
حفر الباطن,غرناطة,528.6190476190476,6,954.4240855762595,sale
حفر الباطن,قرطبة,1133.3333333333333,7,11698.978599773243,sale
حوطة بني تميم,السلام,2235.0,7,2312.903660054669,sale
حوطة سدير,الربعة,588.2423529411765,7,722.0472869446219,sale
حوطة سدير,المروج,1515.1515151515152,3,1500.2886002886005,sale
حوطة سدير,بدر,1667.0,9,1661.1219016245986,sale
خميس مشيط,التعاون,2651.6987839857793,78,36200.96182134202,sale
خميس مشيط,الجامعيين,3161.2903225806454,27,54060.00411725255,sale
خميس مشيط,الجبل,3006.912442396313,46,47071.65628351452,sale
خميس مشيط,الجزيرة,1031.7460317460318,23,22665.80202871628,sale
خميس مشيط,الحرابى,2363.6363636363635,9,19497.91350706859,sale
خميس مشيط,الدوحة,1334.5521023765996,7,11295.84302402031,sale
خميس مشيط,الراقي,83333.33333333333,54,56172.676003153865,sale
خميس مشيط,الربيع,2682.578539371685,56,19888.824854709917,sale
خميس مشيط,الرصراص 1,3500.0,9,29893.93719232429,sale
خميس مشيط,الرصراص 2,2575.757575757576,7,18171.2348948066,sale
خميس مشيط,الرونه,3000.0,5,12404.70786376398,sale
خميس مشيط,الشرفية,3224.6103569632983,12,33702.98371985637,sale
خميس مشيط,الشفاء,2708.3333333333335,31,27689.988972843315,sale
خميس مشيط,الصقور,3750.0,6,30819.44444444445,sale
خميس مشيط,الصناعية,2319.148936170213,51,27423.654669460346,sale
خميس مشيط,الظرفة,2782.9409334985544,150,35527.64774546538,sale
خميس مشيط,القافلة,2370.3703703703704,49,39099.5900986227,sale
خميس مشيط,المصيف,2879.581151832461,45,31618.223888376455,sale
خميس مشيط,المعمورة,2000.0,3,2941.7729068813837,sale
خميس مشيط,النخيل,2250.0,9,44433.0,sale
خميس مشيط,النسيم,2214.7651006711408,7,23460.615858571946,sale
خميس مشيط,الهرير الغربى,3189.782270479852,8,47476.41498034427,sale
خميس مشيط,الواحة,2935.002195871761,20,33347.81999505645,sale
خميس مشيط,الوسام,3064.020028612303,42,42392.13394554271,sale
خميس مشيط,الوفاء,85714.28571428571,43,63741.15363699786,sale
خميس مشيط,اليرموك,2955.6650246305417,192,43732.30863185276,sale
خميس مشيط,تارة,83333.33333333333,10,71649.96533489772,sale
خميس مشيط,ذلالة,4109.58904109589,10,52595.2647359021,sale
خميس مشيط,ذهبان الشرقى,3000.0,15,37435.25591132335,sale
خميس مشيط,ذهبان الغربى,2846.9750889679717,27,30585.867506250135,sale
خميس مشيط,شباعة,3250.0,13,33702.17995947157,sale
خميس مشيط,شمال التضامن,2808.139534883721,56,45265.27789721083,sale
خميس مشيط,نشوان,2117.160330974937,20,27502.3393380931,sale
رابغ,المرجانية,992.9711034251925,51,9657.801779628895,sale
راس تنورة,الاندلس,3375.0,3,3883.9869281045753,sale
راس تنورة,الدانة,4333.333333333333,3,3454.700854700854,sale
راس تنورة,الفيحاء,2004.0080160320642,9,2455.6301499872266,sale
رياض الخبراء,الحزم,1045.4545454545455,8,1227.197904421895,sale
رياض الخبراء,القدس,869.5652173913044,15,6579.375895464995,sale
رياض الخبراء,النزهة,1272.7272727272727,35,6976.853482685459,sale
سراة عبيدة,الروضة,90000.0,11,72256.44989339019,sale
شقراء,الرحبة,500.0,4,684.9378306878307,sale
شقراء,الروضة,788.2882882882883,17,6067.398953448568,sale
ضرما,البديع الشرقي,1075.51775147929,22,1235.1884311204253,sale
ضرما,البديع الغربي,1916.6666666666665,4,2160.0930412791645,sale
ضرما,العزيزية,1190.4761904761904,3,1010.3174603174602,sale
ضرما,اليمامة,1250.0,14,1298.926760223457,sale
طريب,الفاخرية,982.1428571428571,6,982.1428571428572,sale
طريب,النزهة,1833.3333333333333,3,1475.3333333333333,sale
عرعر,ضاحية الملك فهد,9090.90909090909,3,6424.511386049847,sale
عقلة الصقور,الملك فهد,659.7031335898846,5,1854.438466350685,sale
عنيزة,الاشرفية,1848.9405331510595,18,1804.5464061764812,sale
عنيزة,الحاجب,1037.344398340249,9,1049.652544940487,sale
عنيزة,الحمراء,1464.84375,14,1516.0438165417202,sale
عنيزة,الخزامى,519.8776758409786,31,1051.5455029234338,sale
عنيزة,الدوحة,1662.7078384798099,11,2634.9800670587215,sale
عنيزة,الرمال,1618.0897646414887,22,7874.863013707432,sale
عنيزة,الرياضى,1023.8888888888889,8,1047.152492850113,sale
عنيزة,الريان,2148.185148185148,48,6029.567167063215,sale
عنيزة,السلام,1400.0,55,4633.056856082511,sale
عنيزة,السليمانية,1400.0,23,6989.175233114717,sale
عنيزة,الشفاء,1861.3414634146343,34,1892.78586182947,sale
عنيزة,الصالحية,761.0619469026549,9,807.2981159644587,sale
عنيزة,العليا,1270.1832460732985,54,3597.770116567806,sale
عنيزة,العونية,643.4316353887399,37,8476.21997905514,sale
عنيزة,الفاخرية,2139.4111825828795,72,7639.903905706254,sale
عنيزة,الفيحاء,587.7294853963839,4,912.2308044533382,sale
عنيزة,المروج,1798.5611510791366,51,5494.557938862521,sale
عنيزة,المصيف,900.0,15,8418.970880071745,sale
عنيزة,الملك خالد,982.3182711198428,26,10412.80131131613,sale
عنيزة,الملك فهد,2000.0,82,10428.316983337227,sale
عنيزة,المنار,2757.3529411764707,51,6072.184399902264,sale
عنيزة,الواحة,904.7619047619048,8,8995.112076362077,sale
عنيزة,الوفاء,2166.6666666666665,33,5453.047873410662,sale
عنيزة,الوهلان,2459.0163934426228,51,12474.529013068728,sale
عنيزة,وسط المدينة,1615.6462585034014,11,1603.780740121309,sale
عيون الجواء,النزهة,1086.9565217391305,7,13843.624379999106,sale
عيون الجواء,النهضة,2056.9620253164558,3,2040.3548631396734,sale
مكة المكرمة,اجياد,47368.42105263158,9,50633.899752102814,sale
مكة المكرمة,الاندلس,5920.508393285372,8,8574.993599971222,sale
مكة المكرمة,البحيرات,3254.437869822485,83,22138.69752158226,sale
مكة المكرمة,البيعة,3172.5888324873094,15,3150.7570108547975,sale
مكة المكرمة,التروية,3440.69087259008,38,30340.704454870967,sale
مكة المكرمة,التقوى,9771.98697068404,11,17361.40417287892,sale
مكة المكرمة,التنعيم,2990.4306220095696,21,18622.041031916342,sale
مكة المكرمة,التيسير,40299.36672423719,9,36367.07376823071,sale
مكة المكرمة,الجامعة,10629.943502824859,36,16324.746098176509,sale
مكة المكرمة,الجميزة,40128.35820895522,44,38847.811774648464,sale
مكة المكرمة,الحجون,15151.515151515152,7,18534.838730093725,sale
مكة المكرمة,الخالدية,6000.0,23,7865.021841453566,sale
مكة المكرمة,الخضراء,5500.0,53,15932.108002580939,sale
مكة المكرمة,الخنساء,8510.63829787234,23,11244.836829904032,sale
مكة المكرمة,الراشدية,3062.5,28,29856.746620469872,sale
مكة المكرمة,الرصيفة,5866.666666666667,31,18222.115637095998,sale
مكة المكرمة,الروابي,15327.169421487602,10,38381.77156190431,sale
مكة المكرمة,الروضة,8552.631578947368,3,19086.509376890503,sale
مكة المكرمة,الزاهر,4357.784431137725,10,13087.886118738326,sale
مكة المكرمة,الزهراء,9881.422924901186,15,9185.368927877096,sale
مكة المكرمة,السلام,3686.594202898551,14,20274.197382675582,sale
مكة المكرمة,السلامة,3570.1858804138815,86,20470.327399357262,sale
مكة المكرمة,الشرائع,3383.4586466165415,93,12300.399825112607,sale
مكة المكرمة,الشهداء,10400.0,15,9958.664291481991,sale
مكة المكرمة,الشوقية,3846.153846153846,221,22589.676112684363,sale
مكة المكرمة,العتيبية,10005.839416058394,7,13100.331756382599,sale
مكة المكرمة,العدل,4850.0,20,19187.995010328275,sale
مكة المكرمة,العزيزية,10144.927536231884,51,18965.589749309725,sale
مكة المكرمة,العسيلة,3659.3424090438657,22,17924.84841580738,sale
مكة المكرمة,العكيشية,3722.8260869565215,119,25912.320468391958,sale
مكة المكرمة,العوالي,4000.0,76,6579.0961955420935,sale
مكة المكرمة,الكعكية,4252.90117525316,22,15860.01824198288,sale
مكة المكرمة,الكوثر,3375.0,13,4498.14986968934,sale
مكة المكرمة,المرسلات,8660.0,19,10955.19623701751,sale
مكة المكرمة,المعابدة,23579.591179784322,18,23635.603765247488,sale
مكة المكرمة,المغمس,2762.4309392265195,11,17140.910569048174,sale
مكة المكرمة,الملك فهد,3818.1237680113272,108,17656.665437877124,sale
مكة المكرمة,النزهة,4262.295081967213,89,12277.141561183671,sale
مكة المكرمة,النسيم,6821.5238202924775,36,7959.849419560534,sale
مكة المكرمة,النوارية,3264.781491002571,186,25601.735655545388,sale
مكة المكرمة,الهجرة,4024.8063798788435,54,4562.742055031825,sale
مكة المكرمة,بطحاء قريش,4237.28813559322,282,22245.36145057758,sale
مكة المكرمة,جبل النور,8658.008658008657,11,22464.819576063277,sale
مكة المكرمة,جرول,35118.01957397813,10,35105.55356197083,sale
مكة المكرمة,جعرانة,2444.4444444444443,25,25374.70944773108,sale
مكة المكرمة,كدي,6256.647335594704,14,7766.5796969407165,sale
مكة المكرمة,وادي جليل,7596.153846153846,67,7965.593998420285,sale
نجران,الفهد,3000.0,5,3035.8173572459286,sale
وادي الدواسر,العقيق,2106.6666666666665,10,45936.54095133782,sale
ابها,الاندلس,221.1764705882353,4,477.2677187764465,rent
ابها,البحيره,1023.6720353428184,4,1009.7330910985954,rent
ابها,البديع,56.426332288401255,5,287.06827299362794,rent
ابها,التعاون,40.0,5,83.66070414667045,rent
ابها,الروابي,76.17068334350213,22,195.661729502691,rent
ابها,الروضة,65.10416666666667,7,107.70656023278012,rent
ابها,الزهور,70.98113207547169,4,123.49056603773585,rent
ابها,الشفاء,140.8450704225352,5,140.31156301346374,rent
ابها,الصفا,54.263565891472865,5,70.17763196419,rent
ابها,العرين,156.25,9,115.25453999014397,rent
ابها,العقيق,58.93197278911565,10,128.11442265072003,rent
ابها,القرى,67.91171477079796,5,118.70346971472297,rent
ابها,المروج,42.63565891472868,9,69.67537368679035,rent
ابها,المصيف,100.20040080160321,3,106.73582364578327,rent
ابها,المنهل,44.28044280442804,5,43.456810804553626,rent
ابها,النسيم,164.17910447761193,7,179.4233314659754,rent
ابها,الوصايف,46.51162790697674,3,37.911280220605015,rent
ابها,شمسان,101.01010101010101,5,167.0312948392521,rent
احد رفيده,الخليج,52.01560468140442,11,130.80600807226907,rent
احد رفيده,النهضة,31.172360248447205,6,56.670693471333685,rent
الباحة,النزهة,39.99866888519135,4,44.131754533919874,rent
البدائع,الاصفر,27.397260273972602,3,27.632521681477442,rent
البدائع,السلام,25.8162281305965,4,65.70582543483131,rent
البكيرية,الامل,25.757575757575758,5,29.50601012993956,rent
البكيرية,الديرة,47.80373831775701,5,65.65219815581834,rent
البكيرية,الزهرة,137.79863481228668,4,149.04335032795404,rent
البكيرية,القادسية,39.952153110047846,7,60.29751066549602,rent
الجبيل,الحمراء,41.12903225806451,8,120.30258624172184,rent
الجبيل,الروضة,215.90153027278777,4,364.89520958083835,rent
الجبيل,الضباب,597.0149253731344,3,595.8795144137781,rent
الجبيل,العزيزية,43.333333333333336,5,64.72909441233142,rent
الجبيل,القدس,28.510334996436207,3,93.39295632931662,rent
الجبيل,المرقاب,40.8,3,185.40310368131,rent
الجبيل,دارين,148.75207986688852,3,134.05114680370207,rent
الخبر,ابن سيناء,341.6149068322981,9,291.49194980094506,rent
الخبر,الامواج,164.17910447761193,17,151.0628119919804,rent
الخبر,الاندلس,138.45347750634093,10,143.46672989565764,rent
الخبر,البحر,413.5338345864662,115,443.6776119123839,rent
الخبر,البحيرة,247.43214747296102,12,245.85766651962652,rent
الخبر,البندرية,108.51419031719533,49,185.0454222407842,rent
الخبر,التحلية,91.42857142857143,21,219.9025783175663,rent
الخبر,التعاون,50.0,30,92.19520138159979,rent
الخبر,الثقبة,119.00972590627762,34,366.2728540970206,rent
الخبر,الجسر,130.26588053996335,42,214.2359285896392,rent
الخبر,الجوهرة,237.6037959667853,6,217.02310584568443,rent
الخبر,الحزام الاخضر,131.0094390375116,24,276.4654505551858,rent
الخبر,الحزام الذهبي,282.44837758112095,4,249.1828039915155,rent
الخبر,الحمراء,295.3020134228188,319,282.13621496756804,rent
الخبر,الخبر الجنوبية,131.32183908045977,36,356.9368680361363,rent
الخبر,الخزامى,324.6753246753247,23,369.29083350320235,rent
الخبر,الخور,416.6666666666667,22,423.9368443381058,rent
الخبر,الراكة الجنوبية,76.19047619047619,35,144.69194239519402,rent
الخبر,الرجاء,41.688311688311686,6,64.89198294395663,rent
الخبر,الروابي,300.0,17,295.6303368361349,rent
الخبر,الشراع,95.0,21,119.05250234894058,rent
الخبر,الصواري,161.81229773462783,21,203.4076188284781,rent
الخبر,العقربية,57.47126436781609,49,228.75199890317086,rent
الخبر,العقيق,155.36723163841808,18,137.44155364089622,rent
الخبر,العليا,52.70833333333333,66,221.42037858712814,rent
الخبر,الكوثر,130.55633212188985,8,257.71775370490354,rent
الخبر,الكورنيش,121.49532710280374,9,294.0187108222838,rent
الخبر,اللؤلؤ,137.17948717948718,8,132.16349508182424,rent
الخبر,اليرموك,168.1075888568684,3,200.99751432846142,rent
الخبر,صناعية الثقبة,61.78595773687798,16,189.10895228092164,rent
الخبر,صناعية الفوازية,243.05555555555554,21,299.02443758191095,rent
الخبر,قرطبة,238.43586075345732,15,224.7994920055921,rent
الخبر,مدينة العمال,76.15894039735099,50,131.7054745906123,rent
الخرج,الجامعة,62.5,13,107.57756947752321,rent
الخرج,الخالدية,188.2334298034179,10,237.24260454941378,rent
الخرج,السلام,62.65589038163036,18,196.57663378358183,rent
الخرج,العالية,109.26442612555485,4,141.15602258658694,rent
الخرج,العدامة,153.33333333333331,14,128.22476754838968,rent
الخرج,الفيصلية,79.91245962944076,8,198.96907815267377,rent
الخرج,الناصفة,205.1983584131327,5,384.747743706003,rent
الخرج,النهضة,148.5148514851485,11,141.7393421468903,rent
الخرج,الورود,292.0181700194679,7,415.39827623584426,rent
الخرج,اليرموك,54.18678739101274,4,120.80775940513782,rent
الخرج,مشرف,96.0,3,70.17283950617285,rent
الدرعية,الخالدية,327.77777777777777,14,469.0303278920282,rent
الدرعية,العاصمة,720.9229073155366,304,676.1498225198385,rent
الدرعية,الفيصلية,787.4015748031496,29,669.4814299595092,rent
الدرعية,ظهرة العودة شرق,500.0,44,427.9007169374912,rent
الدرعية,ظهرة العودة غرب,55.1301684532925,3,109.0699801776882,rent
الدلم,الناصرية,76.63218390804597,3,107.2503676089883,rent
الدلم,النهضة,41.00406504065041,7,191.311778326487,rent
الدمام,احد,158.70618810142588,6,487.8913707151875,rent
الدمام,الأثير,19.703626943005183,20,100.60295973964,rent
الدمام,الأمانة,73.78378378378378,6,87.30135608707037,rent
الدمام,الأنوار,197.864768683274,10,174.74140750510858,rent
الدمام,الإسكان الجنوبي,78.57142857142857,6,108.9368438468249,rent
الدمام,الاسكان الشمالي,222.43589743589746,4,231.06824811914632,rent
الدمام,البادية,617.283950617284,8,490.8252440426257,rent
الدمام,البديع,128.18612922347364,12,281.862366716698,rent
الدمام,الجامعيين,194.24460431654677,41,188.0544815340171,rent
الدمام,الجلوية,34.01801801801802,4,55.806391680489156,rent
الدمام,الجوهرة,45.39007092198581,16,142.84567889682475,rent
الدمام,الحسام,92.85714285714286,7,171.9056158028065,rent
الدمام,الحمراء,16.390022369855775,6,80.3711779037198,rent
الدمام,الخالدية الجنوبية,82.0,10,176.73160497762532,rent
الدمام,الخالدية الشمالية,225.0,5,203.3846153846154,rent
الدمام,الخضرية,150.03056027164686,5,139.58989102046127,rent
الدمام,الخليج,55.55555555555556,17,124.49243161039652,rent
الدمام,الدانة,58.94736842105263,10,92.00011017025746,rent
الدمام,الدواسر,60.83333333333333,10,211.71820184747526,rent
الدمام,الراكة الشمالية,206.66666666666666,38,234.56358870247453,rent
الدمام,الربيع,67.6923076923077,12,202.682206015245,rent
الدمام,الروضة,58.8235294117647,13,217.97208324187608,rent
الدمام,الريان,84.60236886632826,9,212.25591848059443,rent
الدمام,الزهور,100.3047619047619,16,204.19000878117168,rent
الدمام,السلام,175.0,28,426.2383209490544,rent
الدمام,السيف,364.6009571228308,84,366.8642625789492,rent
الدمام,الشاطئ الشرقي,68.80733944954129,11,210.92921280724605,rent
الدمام,الشاطئ الغربي,195.4022988505747,11,183.9134417284382,rent
الدمام,الشعلة,223.61111111111111,76,314.58845167049896,rent
الدمام,الصفا,125.8352503012378,10,160.92324927703672,rent
الدمام,الصناعية,56.0,4,50.2970658750999,rent
الدمام,الضباب,24.42100098135427,10,88.30541231748298,rent
الدمام,الطبيشي,175.67567567567568,12,179.40458232502056,rent
الدمام,العدامة,74.07407407407408,13,159.17327443692918,rent
الدمام,العروبة,156.25,9,167.33683322972482,rent
الدمام,العزيزية,43.455782312925166,6,68.20708236274984,rent
الدمام,العمامرة,73.8255033557047,7,83.84250494631577,rent
الدمام,العنود,42.0,51,95.12169537180594,rent
الدمام,الفردوس,186.44317394317395,28,156.10850437992647,rent
الدمام,الفرسان,41.18380062305296,12,196.4558620326072,rent
الدمام,الفيحاء,94.9711142851052,6,106.35062255010364,rent
الدمام,الفيصلية,45.0,53,208.95130598182544,rent
الدمام,القادسية,45.1063829787234,19,121.19675864371366,rent
الدمام,القزاز,40.74074074074074,7,96.0228130870312,rent
الدمام,المحمدية,206.4516129032258,5,406.8145406493278,rent
الدمام,المريكبات,34.80278422273782,3,257.70898668230456,rent
الدمام,المزروعية,52.5,16,188.365661518998,rent
الدمام,المنار,100.0,35,171.0608686304709,rent
الدمام,المنتزه,374.24242424242425,32,356.4434234949092,rent
الدمام,الناصرية,185.6948390151515,6,220.4668044471175,rent
الدمام,النخيل,46.788990825688074,5,114.69413901726793,rent
الدمام,الندى,229.59183673469389,53,232.4794874123208,rent
الدمام,النزهة,91.24087591240875,11,107.22831514378754,rent
الدمام,النهضة,207.8550170068027,4,236.00911680654667,rent
الدمام,النور,50.0,17,122.24744885267033,rent
الدمام,النورس,58.333333333333336,7,97.60307570587943,rent
الدمام,الواحة,151.04761904761904,14,155.3347429035392,rent
الدمام,بدر,50.0,9,95.72240198423285,rent
الدمام,ضاحية الملك فهد,56.0,13,91.64944073476515,rent
الدمام,طيبة,100.0,45,156.92586913288324,rent
الدمام,غرناطة,237.43569449940642,3,224.64523149980212,rent
الدمام,قصر الخليج,219.43310657596373,68,233.28319401179397,rent
الدمام,مدينة العمال,101.19705340699817,10,330.64216053109425,rent
الدوادمي,الخالدية,103.1986531986532,4,221.01599326599327,rent
الرياض,احد,267.85714285714283,11,218.86732366651694,rent
الرياض,اشبيلية,100.0,203,185.01051656091647,rent
الرياض,الازدهار,273.52941176470586,224,366.52606825854076,rent
الرياض,الاندلس,316.6666666666667,88,324.2305767530079,rent
الرياض,البديعة,90.46052631578948,4,319.08964233905607,rent
الرياض,البرية,190.47619047619048,9,168.15274782591234,rent
الرياض,البيان,233.33333333333334,215,241.42438053097567,rent
الرياض,التعاون,177.77777777777777,186,321.29761376447743,rent
الرياض,الجرادية,316.78672595520425,24,349.52193938755835,rent
الرياض,الجزيرة,123.96694214876032,23,148.4686760575179,rent
الرياض,الجنادرية,179.77900552486187,98,206.59413680618601,rent
الرياض,الحزم,150.0,123,194.29414056924432,rent
الرياض,الحمراء,353.1372549019608,182,383.1377154248165,rent
الرياض,الخالدية,157.02479338842974,15,229.07258632025895,rent
الرياض,الخزامى,406.69856459330146,43,472.10612003596833,rent
الرياض,الخليج,226.66666666666666,294,276.8864313363024,rent
الرياض,الخير,106.42990405117271,62,138.13502836196335,rent
الرياض,الدار البيضاء,155.96330275229357,87,262.4606515854452,rent
الرياض,الدريهمية,191.1764705882353,38,228.01949290998036,rent
الرياض,الدفاع,215.27777777777777,16,219.5125801716113,rent
الرياض,الديرة,191.57088122605364,3,249.70511493153788,rent
الرياض,الرائد,746.2686567164179,33,586.3752231555346,rent
الرياض,الربوة,343.05555555555554,54,348.3992959248824,rent
الرياض,الربيع,266.0658307210031,180,440.65895491022286,rent
الرياض,الرحمانية,950.0,62,962.1257537750485,rent
الرياض,الرسالة,25.0,3,32.942708333333336,rent
الرياض,الرفيعة,466.6666666666667,21,445.3782815770646,rent
الرياض,الرمال,180.0,606,265.551870739221,rent
الرياض,الروابي,250.0374531835206,51,334.9295090111476,rent
الرياض,الروضة,466.6666666666667,69,481.90980781821565,rent
الرياض,الريان,166.66666666666666,96,284.5780779735912,rent
الرياض,الزاهر,63.86861313868613,7,86.63164617022802,rent
الرياض,الزهراء,136.65594855305466,39,237.74290051567272,rent
الرياض,الزهرة,240.0,22,214.19108954864103,rent
الرياض,السحاب,146.66666666666666,37,134.23718037356343,rent
الرياض,السعادة,230.625,144,247.11278117596385,rent
الرياض,السلام,81.08108108108108,59,204.77545119316187,rent
الرياض,السلي,178.57142857142858,58,175.65970077186083,rent
الرياض,السليمانية,533.3333333333334,216,628.2518771409365,rent
الرياض,السويدي,294.11764705882354,35,328.91399019572395,rent
الرياض,السويدي الغربي,230.4147465437788,55,340.7097248653084,rent
الرياض,الشرفية,313.0980861244019,8,363.5643886040558,rent
الرياض,الشفا,138.12154696132598,53,183.34143101437047,rent
الرياض,الشميسي,659.6516690856313,4,655.7874494726993,rent
الرياض,الشهداء,320.0,183,362.94365104586916,rent
الرياض,الصالحية,291.40308582449376,4,338.6632812211746,rent
الرياض,الصحافة,574.1626794258373,387,755.6722839586909,rent
الرياض,الصفا,520.446096654275,31,484.0249235070449,rent
الرياض,الصناعية,100.0,3,283.76352015732544,rent
الرياض,الضباط,366.6666666666667,79,367.15821053274806,rent
الرياض,العارض,466.6666666666667,2210,409.25304896790374,rent
الرياض,العريجاء,61.53846153846154,8,131.12522893772893,rent
الرياض,العريجاء الغربي,176.43705276401667,58,276.19685804042194,rent
الرياض,العريجاء الوسطى,80.0,6,163.66666666666666,rent
الرياض,العزيزية,68.26943005181347,20,134.03926699227696,rent
الرياض,العقيق,306.6666666666667,1046,377.64427396399793,rent
الرياض,العلا,14.0,3,17.092518813634353,rent
الرياض,العليا,500.0,161,795.1858204667013,rent
الرياض,العمل,461.53846153846155,9,852.1841118289942,rent
الرياض,العوالي,227.27272727272728,104,224.60777223028248,rent
الرياض,العود,100.0,7,165.2445903656688,rent
الرياض,الغدير,393.3333333333333,117,504.0103697099552,rent
الرياض,الغنامية,62.87726358148893,9,79.96135872370155,rent
الرياض,الفاخرية,266.6666666666667,5,184.07354916810604,rent
الرياض,الفاروق,400.0,16,373.0443202778887,rent
الرياض,الفلاح,304.8611111111111,112,412.7037338890933,rent
الرياض,الفيحاء,250.0,88,258.3004812247475,rent
الرياض,الفيصلية,226.46103896103898,14,313.19002543721496,rent
الرياض,القادسية,208.70392875963907,446,248.37790737280395,rent
الرياض,القدس,185.0,130,376.92062467524386,rent
الرياض,القيروان,237.06896551724137,595,383.56891603813267,rent
الرياض,المؤتمرات,120.0,83,470.04927092459496,rent
الرياض,المحمدية,1185.1851851851852,113,1096.0340280800697,rent
الرياض,المربع,53.15822388993121,55,326.3817139696032,rent
الرياض,المرجان,169.51566951566952,26,231.18726072680263,rent
الرياض,المرسلات,500.0,74,528.3362718422908,rent
الرياض,المرقب,408.25688073394497,16,609.8531357288933,rent
الرياض,المروة,237.10671936758894,56,217.62600332482072,rent
الرياض,المروج,412.69300635785646,170,615.1047856671612,rent
الرياض,المشاعل,224.29906542056074,59,265.85032523135914,rent
الرياض,المشرق,30.560165975103736,4,33.65713847894493,rent
الرياض,المصانع,183.33333333333334,59,251.31522972839917,rent
الرياض,المصفاة,250.0,80,331.74003750102213,rent
الرياض,المصيف,388.8888888888889,194,484.7120648325023,rent
الرياض,المعذر,191.1764705882353,43,234.65179900264945,rent
الرياض,المعذر الشمالي,500.0,25,559.4515368640018,rent
الرياض,المعيزلة,156.72897621321692,58,180.62634670807014,rent
الرياض,المغرزات,342.85714285714283,158,392.6531000307676,rent
الرياض,الملز,104.29447852760737,57,235.9019650325845,rent
الرياض,الملقا,583.9416058394161,1257,582.2383598785792,rent
الرياض,الملك عبدالعزيز,187.5,58,340.7168924972473,rent
الرياض,الملك عبدالله,487.8048780487805,47,520.4814687207497,rent
الرياض,الملك فهد,618.0555555555555,34,601.5407658638442,rent
الرياض,الملك فيصل,144.44444444444446,244,236.30033563779747,rent
الرياض,المناخ,99.73753280839895,9,174.99378829702633,rent
الرياض,المنار,128.0,47,197.79688431689817,rent
الرياض,المنصورة,71.23188405797102,20,201.15519250541294,rent
الرياض,المنصورية,48.779761904761905,6,79.83996803849745,rent
الرياض,المهدية,166.66666666666666,402,242.6405048386118,rent
الرياض,المونسية,380.2173913043478,1270,360.2291201797262,rent
الرياض,الناصرية,277.77777777777777,3,444.29062258377166,rent
الرياض,النخيل,522.3084886128364,84,574.2689844505321,rent
الرياض,الندوة,120.0,63,173.91282983347512,rent
الرياض,الندى,279.1666666666667,383,396.91123230982026,rent
الرياض,النرجس,493.42105263157896,1478,443.4647954248351,rent
الرياض,النزهة,217.14285714285714,172,338.6835591231784,rent
الرياض,النسيم الشرقي,216.66666666666666,83,229.9667846788892,rent
الرياض,النسيم الغربي,200.0,137,211.06346155256574,rent
الرياض,النظيم,202.3121387283237,11,191.3487976327034,rent
الرياض,النفل,266.6666666666667,218,330.76488885081534,rent
الرياض,النموذجية,198.52941176470588,18,410.6123984973514,rent
الرياض,النهضة,104.0,99,215.6128887199603,rent
الرياض,النور,158.125,10,143.56649944582583,rent
الرياض,الهدا,447.71241830065355,10,430.847844965492,rent
الرياض,الوادي,310.0,390,375.9123945405096,rent
الرياض,الورود,500.0,266,514.7532432686722,rent
الرياض,الوزارات,320.0,196,325.8444185477801,rent
الرياض,الوشام,360.54033485540333,4,349.84688700442126,rent
الرياض,الياسمين,333.3333333333333,1013,399.295648557974,rent
الرياض,اليرموك,311.1111111111111,585,299.8432007757105,rent
الرياض,اليمامة,94.33621933621933,14,129.7951293931359,rent
الرياض,ام الحمام الشرقي,189.6551724137931,34,569.6193089273378,rent
الرياض,ام الحمام الغربي,191.01123595505618,107,279.3869223592521,rent
الرياض,ام سليم,291.6666666666667,6,649.8087651517537,rent
الرياض,بدر,159.9154391707583,184,171.69549404167978,rent
الرياض,بنبان,97.14285714285714,13,114.79972460601951,rent
الرياض,ثليم,477.14285714285717,13,566.4486339995283,rent
الرياض,جرير,85.71428571428571,123,241.66302135394523,rent
الرياض,حطين,375.0,438,436.5801115761514,rent
الرياض,ديراب,201.010101010101,52,198.46533137814316,rent
الرياض,سكيرينة,366.6666666666667,7,422.02091867225846,rent
الرياض,شبرا,260.0,17,253.90702514929072,rent
الرياض,ضاحية نمار,79.1644908616188,72,108.90228030986981,rent
الرياض,طويق,219.28961748633878,326,220.13336733746954,rent
الرياض,طيبة,188.98809523809524,22,207.56531652977148,rent
الرياض,ظهرة البديعة,294.3939393939394,20,266.7644880421218,rent
الرياض,ظهرة لبن,133.33333333333334,451,223.62150134244519,rent
الرياض,عتيقة,375.0,15,519.8312585376265,rent
الرياض,عرقة,400.0,155,469.98491311740304,rent
الرياض,عريض,61.864197530864196,32,96.48359244330828,rent
الرياض,عكاظ,176.73710205925028,114,176.48481241114905,rent
الرياض,عليشة,675.0254464698805,6,672.0673416031049,rent
الرياض,غبيرة,99.29078014184397,23,174.3259093984265,rent
الرياض,غرناطة,255.0,280,320.4346619450317,rent
الرياض,قرطبة,429.72488038277515,510,405.96133063784225,rent
الرياض,لبن,111.11111111111111,135,237.0832508394003,rent
الرياض,مطار الملك خالد,261.8181818181818,121,281.52577506482845,rent
الرياض,منفوحة,210.0,11,434.10929019877733,rent
الرياض,منفوحة الجديدة,341.2760757615432,10,475.54507113973824,rent
الرياض,نمار,235.44973544973544,23,259.4252967770308,rent
الرياض,هيت,56.66666666666667,4,65.16666666666667,rent
الرياض,وادي لبن,148.88888888888889,60,259.326328631317,rent
الزلفي,الخالدية,325.64450474898234,3,290.3596010633208,rent
الزلفي,العزيزية,21.0,3,105.95402298850576,rent
الزلفي,اليرموك,50.0,5,52.148560091801606,rent
الطائف,الاخباب,76.0,15,135.5175178933735,rent
الطائف,الجفيجف,71.47984768721778,16,150.5997110707904,rent
الطائف,الحلقة الشرقية,37.735849056603776,5,39.36470244050387,rent
الطائف,السداد,182.64840182648402,17,286.6100817711436,rent
الطائف,القمرية,76.497821640381,28,176.0138479408281,rent
الطائف,القيم الأعلى,50.055835194506486,10,139.94674723625891,rent
الطائف,النسيم,110.0,3,97.32431025507549,rent
الطائف,الواسط,272.72727272727275,5,575.4537358050148,rent
الغاط,المصيف,28.194259425666623,4,29.193283558987158,rent
القطيف,الخزامى,194.44444444444446,9,359.2218992486921,rent
القطيف,باب الشمال,21.428571428571427,3,666.3690476190476,rent
المجمعة,الاندلس,150.64102564102564,6,245.1923076923077,rent
المجمعة,المستقبل,45.45454545454545,3,90.59664972708451,rent
المجمعة,المطار,35.833333333333336,9,80.23359053585042,rent
المجمعة,الملك عبدالعزيز,80.12820512820512,3,165.99511599511598,rent
المجمعة,الملك عبدالله,91.83673469387755,10,148.71655328798187,rent
المجمعة,الملك فهد,277.8,4,280.53722627737227,rent
المدينة المنورة,ابو كبير,81.81818181818181,3,70.40175602817618,rent
المدينة المنورة,الاسكان,39.66597077244259,3,202.91456875025585,rent
المدينة المنورة,الاصيفرين,37.234042553191486,3,120.35836738528018,rent
المدينة المنورة,الاناهي,50.0,5,90.50655002148872,rent
المدينة المنورة,البركة,14.705882352941176,3,25.428921568627448,rent
المدينة المنورة,الجابرة,229.607250755287,7,209.53489891591497,rent
المدينة المنورة,الجامعة,241.64583042811324,4,217.72446391377295,rent
المدينة المنورة,الجماوات,236.70424403183023,4,288.85212201591514,rent
المدينة المنورة,الخالدية,35.785714285714285,6,206.96472168124134,rent
المدينة المنورة,الدفاع,106.06060606060606,17,140.13899981670804,rent
المدينة المنورة,الدويخلة,118.70044269219174,4,340.0224902536589,rent
المدينة المنورة,الدويمة,30.48780487804878,3,248.87299877014834,rent
المدينة المنورة,الرانوناء,53.85996409335727,9,121.4967408709893,rent
المدينة المنورة,الراية,77.56578947368422,4,91.99145088657473,rent
المدينة المنورة,الروابي,104.11662422312367,6,158.9797902652614,rent
المدينة المنورة,الزهرة,1000.6172839506173,3,1000.6172839506174,rent
المدينة المنورة,السد,249.72253052164262,13,264.95992098159593,rent
المدينة المنورة,السلام,46.875,5,67.77598522167487,rent
المدينة المنورة,الشافية,200.0,3,141.010101010101,rent
المدينة المنورة,الصناعية,40.0,3,58.91050583657587,rent
المدينة المنورة,العاقول,96.07843137254902,12,161.27238845357897,rent
المدينة المنورة,العريض,516.1290322580645,11,557.9726507267492,rent
المدينة المنورة,العهن,94.00531045751633,4,176.21246449306335,rent
المدينة المنورة,العيون,35.39823008849557,5,152.8688988014571,rent
المدينة المنورة,الغابة,34.0,3,70.48484848484848,rent
المدينة المنورة,الغراء,431.5775044467133,4,370.99220795872725,rent
المدينة المنورة,الفتح,533.3333333333334,5,577.173579109063,rent
المدينة المنورة,القبلتين,191.60530191458025,6,438.7666715304483,rent
المدينة المنورة,القصواء,57.50798722044728,9,201.4987945427868,rent
المدينة المنورة,المبعوث,182.14285714285714,6,405.9521072241705,rent
المدينة المنورة,المطار,79.95149253731344,6,81.87953246629291,rent
المدينة المنورة,الملك فهد,138.46153846153845,11,221.0978161623323,rent
المدينة المنورة,بئر عثمان,663.9635711051104,6,967.8710117671603,rent
المدينة المنورة,بني بياضة,258.0,7,354.08130274294416,rent
المدينة المنورة,بني حارثة,89.10891089108911,5,353.34141015049124,rent
المدينة المنورة,بني ظفر,63.714285714285715,4,61.020818377602296,rent
المدينة المنورة,بني معاوية,543.4782608695652,5,544.7231291590717,rent
المدينة المنورة,جشم,368.34437086092714,4,439.93218543046356,rent
المدينة المنورة,حى الخضراء,70.0,4,125.25,rent
المدينة المنورة,حى الصهلوج,210.0,6,203.60057688819015,rent
المدينة المنورة,سكة الحديد,132.48595225031303,6,175.9712681997688,rent
المدينة المنورة,شظاة,602.0,5,461.49620353806404,rent
المدينة المنورة,شوران,312.5,9,576.1634899762558,rent
المدينة المنورة,طيبة,90.9090909090909,21,121.7186343959092,rent
المدينة المنورة,عين الخيف,174.00529598928242,10,270.86494912070344,rent
المدينة المنورة,نبلاء,160.0,7,130.7699700721466,rent
المدينة المنورة,وادي مذينب,176.66666666666666,5,160.83268021516034,rent
المدينة المنورة,وادي مهزور,156.25,5,356.2011932274763,rent
المزاحمية,اللؤلؤة,40.0,3,35.75757575757576,rent
المزاحمية,المروج,99.0,7,119.76380326360882,rent
المزاحمية,الهدا,64.0,7,155.1164778374081,rent
المزاحمية,وسيلة,35.0,6,54.183749283715095,rent
النماص,السلام,42.016806722689076,3,125.56575000636035,rent
بريدة,الأخضر,150.95454545454544,6,521.6921474964072,rent
بريدة,الإسكان,450.0,5,413.36629173834416,rent
بريدة,الافق,50.56818181818181,8,60.213801277580046,rent
بريدة,الجزيرة,57.85920925747348,10,55.38829372916937,rent
بريدة,الحزم,360.91753774680603,8,315.5204137340829,rent
بريدة,الخزامى,71.0,6,74.88250866149417,rent
بريدة,الرابية,170.23519736842104,3,187.65444475018344,rent
بريدة,الربوة,167.60299625468164,4,243.37070374939026,rent
بريدة,الرحاب,70.0,13,298.8294544710808,rent
بريدة,الروابي,71.07005388760585,4,74.79425270357137,rent
بريدة,الروضه,65.64814814814815,12,112.34921581394491,rent
بريدة,الريان,97.46588693957115,15,158.7701417485986,rent
بريدة,الزرقاء,43.333333333333336,4,59.82637876110243,rent
بريدة,الشروق,40.0,3,33.17460317460317,rent
بريدة,الشماس,439.56043956043953,4,375.8043161657619,rent
بريدة,الصفراء,100.0,7,172.85088775146824,rent
بريدة,الغدير,79.36507936507937,3,71.18622591768371,rent
بريدة,القادسية,238.0952380952381,5,328.9528931972306,rent
بريدة,اللسيب,19.98,3,93.23008639663612,rent
بريدة,المنار,31.407500241010318,18,118.05005009552863,rent
بريدة,النخيل,190.83969465648855,25,209.29962249977783,rent
بريدة,النهضة,244.4735288329069,12,223.83725376679277,rent
بريدة,النور,70.0,5,67.58605374194981,rent
بريدة,خب البريدي,180.0,3,126.68002672010688,rent
بقيق,المطار,162.33766233766235,9,217.2048717846206,rent
تبوك,البوادي,115.19666427641887,4,291.83700368338253,rent
تبوك,الريان,133.21133045911807,8,277.28845143906784,rent
تبوك,الفيصلية الجنوبية,15.222672064777328,4,51.62814275507774,rent
تبوك,القادسية الثاني,238.8963061860258,4,278.4850224332458,rent
تبوك,النهضة,298.0132450331126,3,349.29754366600827,rent
تبوك,الورود,185.31468531468533,4,221.03234265734267,rent
تبوك,الياسمين,207.0,3,272.86904761904765,rent
جازان,الروضة,155.06317354143442,6,323.84248641857334,rent
جازان,الزهور,50.56485904694503,6,303.92640973268436,rent
جازان,الشاطئ,126.38392857142857,30,215.83660084917997,rent
جازان,الصفا,167.9590570719603,16,238.29961794901743,rent
جازان,المطار,44.02173913043478,12,52.55895565838183,rent
جدة,أم حبلين الغربية,176.21145374449338,41,136.8723481621591,rent
جدة,ابحر الجنوبية,200.0,55,272.95069250938576,rent
جدة,ابحر الشمالية,256.4102564102564,45,335.72453739347924,rent
جدة,ابرق الرغامة,41.875,14,157.30576430148082,rent
جدة,الاجاويد,177.51937984496124,12,232.58668759285274,rent
جدة,الاجواد,94.5,26,206.64868973478997,rent
جدة,الاصالة,183.6734693877551,18,206.14179737380277,rent
جدة,الامواج,288.0,27,294.2143871210283,rent
جدة,الامير عبدالمجيد,136.36363636363637,5,106.38826809880206,rent
جدة,الامير فواز الجنوبى,157.05128205128204,6,307.3768823768824,rent
جدة,الاندلس,118.57707509881423,36,157.16044468250828,rent
جدة,البحيرات,189.76047904191617,12,363.5789649874303,rent
جدة,البساتين,334.44816053511704,29,396.0427193079265,rent
جدة,البشائر,64.24242424242425,16,94.61795066924476,rent
جدة,البغدادية الشرقية,36.400404448938325,15,214.38725444313866,rent
جدة,البغدادية الغربية,68.96551724137932,11,286.93478389635254,rent
جدة,البوادي,52.19229428172943,78,174.11052913277965,rent
جدة,الثغر,53.763440860215056,5,62.3243968555164,rent
جدة,الجامعة,325.0,5,596.0595655499726,rent
جدة,الجوهرة,50.63291139240506,3,195.15079254681424,rent
جدة,الحجاز,91.82674199623352,6,122.00749472021108,rent
جدة,الحمدانية,189.89053251474758,122,239.10436815920295,rent
جدة,الحمراء,95.96928982725528,46,284.66477164923236,rent
جدة,الخالدية,160.51364365971108,47,357.1817018641745,rent
جدة,الدرة,81.0,3,84.66666666666667,rent
جدة,الربوة,70.6251012145749,48,212.49407317303542,rent
جدة,الرحاب,76.0,43,169.78778147804493,rent
جدة,الرحمانية,172.41379310344828,35,199.3806381074416,rent
جدة,الروابي,71.42857142857143,5,157.89077010739334,rent
جدة,الروضة,118.57707509881423,183,200.76097388666184,rent
جدة,الرويس,58.47076461769115,168,195.01989179580258,rent
جدة,الرياض,71.42857142857143,51,117.33237135092092,rent
جدة,الريان,150.0,75,146.4329880485903,rent
جدة,الزمرد,200.0,62,199.28018364210254,rent
جدة,الزهراء,332.3412698412699,38,308.72915634178526,rent
جدة,الساحل,129.62962962962962,3,114.5432098765432,rent
جدة,السامر,52.8,21,149.4848432317766,rent
جدة,السروات,80.0,5,96.98733333333334,rent
جدة,السرورية,115.3537849705462,6,226.22543193101902,rent
جدة,السلامة,96.96969696969697,205,212.62840669772217,rent
جدة,السليمانية,133.61344537815125,8,306.81074743219057,rent
جدة,السنابل,153.84615384615384,11,258.5974263580633,rent
جدة,الشاطئ,292.8571428571429,36,518.9832109509912,rent
جدة,الشراع,232.75862068965517,70,268.00174242630754,rent
جدة,الشرفية,52.76381909547739,21,102.28810876522195,rent
جدة,الصالحية,64.38283014992811,56,217.9589522489525,rent
جدة,الصفا,58.8,114,119.24456458637465,rent
جدة,الصفحة,109.11290322580645,12,222.1393541617173,rent
جدة,الصفوة,139.3300131554219,6,159.35776685197422,rent
جدة,الصوارى,241.54589371980677,119,244.02615395849446,rent
جدة,العزيزية,85.91065292096219,39,198.15346022845827,rent
جدة,الغربية,140.65860215053763,4,220.32930107526883,rent
جدة,الفردوس,268.3252197430696,18,272.0595928479144,rent
جدة,الفروسية,105.55555555555556,18,135.02219690230692,rent
جدة,الفضيلة,60.0,7,304.08928904895293,rent
جدة,الفلاح,113.33333333333333,59,180.6840162962203,rent
جدة,الفنار,60.28657616892911,10,136.03013932619092,rent
جدة,الفيحاء,307.2625698324022,55,314.12028305666576,rent
جدة,الفيصلية,49.60752099306316,90,179.2330937679123,rent
جدة,القرينية,61.69336384439359,10,125.15425590520654,rent
جدة,الكوثر,171.2962962962963,23,188.93289427287127,rent
جدة,اللؤلؤ,256.4102564102564,43,251.83947965610335,rent
جدة,المحمدية,232.25806451612902,41,441.4522362064294,rent
جدة,المرجان,294.7368421052632,15,377.13405423756103,rent
جدة,المروة,151.81564245810057,258,172.77034086773463,rent
جدة,المروج,60.0,9,80.28642180417013,rent
جدة,المنار,245.39877300613497,63,202.57175469809195,rent
جدة,المنارات,243.5064935064935,39,218.55341171094938,rent
جدة,النخيل,160.0,11,257.0535477819723,rent
جدة,النزهة,73.84615384615384,132,140.6005948694719,rent
جدة,النسيم,42.82051282051282,16,52.44412910777426,rent
جدة,النعيم,90.21884224691787,90,202.58534233516866,rent
جدة,النهضة,250.0,126,293.68839028504294,rent
جدة,النور,110.8974358974359,14,290.8804376390286,rent
جدة,الواحة,189.74990526714666,106,195.33579633075544,rent
جدة,الوادي,185.1851851851852,3,239.34281842818427,rent
جدة,الورود,334.1193074248735,42,394.24060313774197,rent
جدة,الوفاء,126.55729406350667,9,162.72873771005118,rent
جدة,الياقوت,219.8396501457726,81,208.16411059477923,rent
جدة,ام السلم,100.0,5,245.75656742556916,rent
جدة,بريمان,52.40174672489083,11,85.51106996421731,rent
جدة,بنى مالك,50.0,33,150.61471482835807,rent
جدة,حكومي,218.75,25,226.57551541152554,rent
جدة,طيبة,60.81989247311828,60,111.2431724028053,rent
جدة,قباء,73.33333333333334,12,111.44872386223862,rent
جدة,مدائن الفهد,91.78046218487395,6,228.10145520893548,rent
جدة,مريخ,132.15859030837004,35,192.29621249057658,rent
جدة,مشرفة,58.43071786310517,43,208.12016924517695,rent
حائل,الخزامى,188.0,5,173.46907283715012,rent
حائل,الرصف,98.31460674157303,3,164.8970174971757,rent
حائل,السويفلة,59.12162162162162,5,265.1110156868298,rent
حائل,العزيزية,133.33333333333334,7,215.89809424292184,rent
حائل,المطار,151.23906705539358,4,149.2466732857011,rent
حائل,المنتزه الشرقي,175.0,5,171.41692775995085,rent
حائل,النقرة,468.0,9,399.1416265027924,rent
حائل,الوادي,84.375,4,84.39838435374149,rent
حائل,صبابة,222.08053097345132,3,325.1427960387695,rent
حائل,قفار,699.8971102531192,4,638.2619335752843,rent
حريملاء,السد,150.0,3,138.1,rent
حريملاء,النخيل,75.30156445556946,4,81.40190927696506,rent
حفر الباطن,البلدية,16.666666666666668,3,34.92468307233408,rent
حفر الباطن,المحمدية,183.03030303030303,4,225.26081123737373,rent
حوطة بني تميم,السلام,72.83321194464676,3,184.90575663855375,rent
خميس مشيط,التعاون,155.84415584415584,5,263.16883116883116,rent
خميس مشيط,الجامعيين,23.555555555555557,4,24.444597373026795,rent
خميس مشيط,الربيع,56.56565656565657,3,94.74454691845996,rent
خميس مشيط,الرصراص 1,51.282051282051285,3,65.7051282051282,rent
خميس مشيط,الرونه,43.583535108958834,3,34.05527078992913,rent
خميس مشيط,الصقور,37.22222222222222,4,35.583892181481346,rent
خميس مشيط,الصناعية,118.73177842565597,4,127.09922254616131,rent
خميس مشيط,الظرفة,44.44444444444444,5,292.22898897804475,rent
خميس مشيط,المصيف,41.26547455295736,9,65.16789881383063,rent
خميس مشيط,النخيل,156.11263736263737,4,160.29075091575092,rent
خميس مشيط,الهرير الغربى,31.212310135859784,4,30.573647919151473,rent
خميس مشيط,الواحة,28.129744651483783,4,25.977017028584267,rent
خميس مشيط,الوسام,44.334451901566,4,47.39080318655536,rent
خميس مشيط,الوفاء,146.11905997479428,4,142.09845942778642,rent
خميس مشيط,الوقواق,35.42435424354244,4,37.49059577974421,rent
خميس مشيط,اليرموك,39.682539682539684,7,92.9282622139765,rent
خميس مشيط,شباعة,192.0,5,422.79024390243904,rent
خميس مشيط,شمال التضامن,129.0,4,177.66666666666669,rent
رابغ,المرجانية,28.8,11,87.39938024601453,rent
راس تنورة,الاندلس,369.3693693693694,4,367.30130554283096,rent
راس تنورة,الدانة,120.0,3,275.89743589743586,rent
شقراء,الروضة,44.11911764705882,8,74.46068569683766,rent
ضرما,البديع الشرقي,52.12962962962963,6,48.248675935486354,rent
ضرما,العزيزية,95.23809523809524,5,107.03187335638385,rent
عنيزة,الاشرفية,133.73531230674087,6,218.22862831628916,rent
عنيزة,الحمراء,78.65168539325843,5,89.13913161606555,rent
عنيزة,الخزامى,23.762376237623762,3,19.82068993416196,rent
عنيزة,الرمال,132.8568962873727,4,201.74707559466674,rent
عنيزة,الريان,88.70564516129032,5,116.77604846408235,rent
عنيزة,السلام,42.15456674473068,3,261.8286413946573,rent
عنيزة,السليمانية,38.98635477582846,11,76.42090877108716,rent
عنيزة,الشفاء,182.43243243243242,7,172.2633880360867,rent
عنيزة,الصالحية,61.96141793967881,4,70.19944485407163,rent
عنيزة,العليا,123.54014598540147,4,270.9367396593674,rent
عنيزة,العونية,49.957487767706745,6,47.31882208808502,rent
عنيزة,الفاخرية,192.01021656234263,8,225.08371662711824,rent
عنيزة,المروج,39.99894736842105,7,51.09935582246241,rent
عنيزة,الملك خالد,149.53853564547205,6,143.79798143643725,rent
عنيزة,المنار,161.49068322981367,5,176.49981731823163,rent
عنيزة,الوفاء,166.66666666666666,5,176.1472273501136,rent
مكة المكرمة,التنعيم,31.001190476190473,4,28.255619868637112,rent
مكة المكرمة,التيسير,1000.1607717041801,3,1207.4609979754675,rent
مكة المكرمة,الجامعة,719.4616977225674,10,631.531509503772,rent
مكة المكرمة,الخالدية,500.0,5,561.900033101622,rent
مكة المكرمة,الخضراء,250.75225677031094,7,282.28518991583644,rent
مكة المكرمة,الراشدية,36.36363636363637,3,33.09790944365515,rent
مكة المكرمة,الرصيفة,116.41150658215506,8,142.1303802475221,rent
مكة المكرمة,الروضة,666.6666666666666,6,628.2148214821482,rent
مكة المكرمة,الزهراء,252.5252525252525,5,246.02069291041252,rent
مكة المكرمة,السلام,80.77544426494346,3,287.1789551949135,rent
مكة المكرمة,الشرائع,267.1140939597316,6,282.12342686539694,rent
مكة المكرمة,الشهداء,60.661624432822066,4,80.61416413019772,rent
مكة المكرمة,الشوقية,275.0,15,355.7834268074967,rent
مكة المكرمة,العسيلة,71.00591715976331,5,126.88921761998684,rent
مكة المكرمة,العكيشية,1334.0,3,1561.1541218637994,rent
مكة المكرمة,العوالي,210.0,19,378.8368603905248,rent
مكة المكرمة,المرسلات,50.0,5,280.03420532832297,rent
مكة المكرمة,الملك فهد,300.03508771929825,10,357.31181378307105,rent
مكة المكرمة,النزهة,367.3469387755102,5,339.0713389746142,rent
مكة المكرمة,النسيم,484.73236009732364,10,542.7422734114188,rent
مكة المكرمة,النوارية,259.22972972972974,6,238.5885987090678,rent
مكة المكرمة,الهجرة,185.56701030927834,3,197.90113051895227,rent
مكة المكرمة,بطحاء قريش,131.33093525179856,20,228.86400811754734,rent
مكة المكرمة,وادي جليل,517.2413793103449,13,477.07987323783243,rent
نجران,الفهد,57.291666666666664,5,134.0265516318887,rent
وادي الدواسر,العقيق,341.66666666666663,6,318.7014588581024,rent
